Player Name,Past_Price_2025,Past_Team_2025,Sold_2025
Daryl Joseph Mitchell,,,
Tom Banton,0.0,,True
Jason Holder,0.0,,True
Finn Allen,0.0,,True
Jake McGurk,,,
Jonny Bairstow,0.0,,True
Matt Henry,0.0,,True
Wanindu Hasaranga,5.25,RR,True
James Vince,0.0,,True
Adam Milne,0.0,,True
Maheesh Theekshana,4.4,RR,True
Devon Conway,6.25,CSK,True
Ben Duckett,0.0,,True
Spencer Johnson,2.8,KKR,True
Alzarri Joseph,0.0,,True
Sean Abbott,0.0,,True
Glenn Maxwell,4.2,PBKS,True
Moeen Ali,2.0,KKR,True
Anrich Nortje,6.5,KKR,True
Chris Jordan,0.0,,True
Rassie van der Dussen,,,
Harry Brook,6.25,DC,True
Quinton de Kock,3.6,KKR,True
Naveen ul Haq,,,
Gus Atkinson,0.0,,True
Tymal Mills,0.0,,True
Faf du Plessis,2.0,DC,True
Mustafizur Rahman,0.0,,True
Josh Inglis,2.6,PBKS,True
Mujeeb Ur Rahman,0.0,,True
Adam Zampa,2.4,SRH,True
FazalHaq Farooqi,,,
Liam Livingstone,8.75,RCB,True
Rahmanullah Gurbaz,2.0,KKR,True
Rilee Rossouw,,,
Thomas Curran,,,
Umesh Yadav,0.0,,True
Venkatesh Iyer,23.75,KKR,True
William ORourke,0.0,,True
Kyle Mayers,0.0,,True
Jason Behrendorff,0.0,,True
Michael Bracewell,0.0,,True
David Miller,7.5,LSG,True
Daniel Sams,0.0,,True
Rachin Ravindra,4.0,CSK,False
Sam Billings,0.0,,True
Akeal Hosein,0.0,,True
Mark Chapman,,,
Kyle Jamieson,0.0,,True
Daniel Worrall,,,
Matty Potts,,,
Riley Meredith,,,
Jhye Richardson,0.0,,True
Cameron Green,,,
Lance Morris,0.0,,True
Shai Hope,0.0,,True
Tim Seifert,0.0,,True
Gerald Coetzee,2.4,GT,True
Sikandar Raza,0.0,,True
Matheesha Pathirana,0.0,CSK,False
Andre Russell,0.0,KKR,False
Benjamin Sears,,,
Dan Lawrence,,,
Lungi Ngidi,1.0,RCB,True
Chris Green,,,
David Payne,,,
Ashton Turner,0.0,,True
Ravi Bishnoi,0.0,LSG,False
Mayank Agarwal,,,
Rahul Chahar,3.2,SRH,True
Akash Deep,8.0,LSG,True
Krishnappa Gowtham,0.0,,True
Karim Janat,0.75,GT,True
Patrick Kruger,0.0,,True
Matthew Short,0.0,,True
Kyle Verreynne,,,
Dwaine Pretorius,0.0,,True
Roston Chase,0.0,,True
Nangeyalia Kharote,0.0,,True
Lizaad Williams,0.75,MI,True
Ben Dwarshuis,,,
Reece Topley,0.75,MI,True
Josh Philippe,0.0,,True
Ben McDermott,0.0,,True
Blessing Muzarabani,0.0,,True
Joshua Little,0.0,,True
Waqar Salamkheil,0.0,,True
Cooper Connolly,,,
Nqabayomzi Peter,,,
Jeffrey Vandersay,0.0,,True
Ottneil Baartman,0.0,,True
Shamar Joseph,0.75,LSG,False
Mikyle Louis,,,
Alick Athanaze,,,
Luke Wood,0.0,,True
Hilton Cartwright,,,
Pathum Nissanka,0.0,,True
Brandon King,0.0,,True
Sediqullah Atal,0.0,,True
Kusal Perera,0.0,,True
Pieter Willem Mulder,,,
Gudakesh Moti-Kanhai,,,
Mohammad Rishad Hossain,,,
Dunith Wellalage,0.0,,True
Richard Gleeson,0.0,,True
Dan Mousley,0.0,,True
Srikar Bharat,0.0,,True
Kuldeep Sen,0.8,PBKS,True
Sandeep Warrier,0.0,,True
Rahul Tripathi,3.4,CSK,True
Navdeep Saini,0.0,,True
Shivam Mavi,0.0,,True
Sarfaraz Khan,0.0,,True
Prithvi Shaw,0.0,,True
Deepak Hooda,1.7,CSK,True
Chetan Sakariya,0.0,,True
Tom Kohler,,,
Leus du Plooy,0.0,,True
Mahipal Lomror,1.7,GT,True
Karn Sharma,0.5,MI,True
Mohit Sharma,2.2,DC,True
Ajay Ahlawat,,,
Jalaj Saxena,,,
Siddarth Kaul,0.0,,True
Kartik Tyagi,0.0,,True
Oliver Davies,,,
Duan Jansen,0.0,,True
Joshua Brown,,,
Bevon Jacobs,0.3,MI,True
Arpit Rana,,,
Sarthak Ranjan,,,
Krish Yadav,,,
Anmol Sharma,,,
Shivam Singh,0.0,,True
M Hemanth Reddy,,,
Tejasvi Jaiswal,,,
Salil Arora,,,
Salman Nizar,0.0,,True
Writtick Chatterjee,,,
Ravi Kumar,,,
Ripal Patel,0.0,,True
Kulwant Khejroliya,0.3,GT,True
Himanshu Singh,,,
Narayan Jagadeesan,,,
Shubham Khajuria,,,
Yeddala Kumar Reddy,,,
Prashant Solanki,0.0,,True
Tejpreet Singh,,,
Bipin Saurabh,,,
Siddarth Yadav,,,
Samarth Vyas,,,
Mohit Rathee,0.3,RCB,True
Pratham Sing,,,
Vicky Ostwal,,,
Hardik Tamore,0.0,,True
Aarya Desai,,,
Tanush Kotian,0.0,,True
KM Asif,0.0,,True
KL Shrijith,,,
Yuvraj Chaudhary,0.3,LSG,True
Ashok Sharma,0.3,RR,True
Samarth Nagaraj,0.0,,True
Shubhang Hegde,,,
Aryan Juyal,0.3,LSG,True
Praful Hinge,,,
Vivrant Sharma,0.0,,True
KC Cariappa,,,
PV Satyanarayan Raju,,,
Akhil Rawat,,,
Rajneesh Gurbani,,,
Jafar Jamal,,,
Kuldip Yadav,,,
Manoj Bhandage,0.3,RCB,True
Akshat Raghuwanshi,,,
Prateek Yadav,,,
Jasmer Dhankar,,,
Mohit Avasthi,,,
Sudhesan Midhun,,,
Anirudh Kanwar,,,
Kamal Tripathi,,,
Prashant Sai Painkra,,,
Yarra Prithviraj,,,
Saurabh Dubey,,,
Abhimanyu Easwaran,,,
Ashwin Hebbar,,,
Divesh Sharma,0.0,,True
Saranu Nishanth,,,
Vaisakh Chandran,,,
Ishan Porel,0.0,,True
Dinesh Bana,,,
Vishwanath Singh,,,
Vishnu Solanki,,,
Anshuman Hooda,0.0,,True
BR Sharath,,,
Umang Kumar,0.0,,True
Mahesh Pithiya,,,
Rohan Kunnummal,,,
Rohit Rayudu,,,
Jonte Smith,,,
Tanmay Agarwal,,,
Aman Khan,,,
Swastik Chikara,0.3,RCB,True
Harvik Desai,0.0,,True
Shreyash Chavan,,,
Atharva Taide,0.3,SRH,True
Rithik S,,,
Yash Dhull,0.0,,True
Deepak Devadiga,0.0,,True
Madhav Kaushik,0.0,,True
Tanay Thyagarajan,,,
Rajan Kumar,0.0,,True
Kunal Ajay Rathore,,,
Vignesh Puthur,0.3,MI,True
Luvnith Sisodia,0.3,KKR,True
Ankit Rajpoot,,,
Tushar Raheja,,,
Mayank Rawat,,,
Sachin Dhas,0.0,,True
Ricky Bhui,,,
Aradhya Shukla,,,
Sudip Kumar Gharami,,,
Bharat Sharma,,,
Basil Thampi,0.0,,True
Raj Limbani,0.0,,True
Anmol Malhotra,,,
Sushant Mishra,,,
Maruthungal Ajinas,,,
Pulkit Narang,,,
Mujtaba Yousuf,,,
Vineet Panwar,,,
R Sonu Yadav,,,
Avneesh Sudha,,,
Avinash Singh,0.0,,True
Nishunk Birla,,,
Tejasvi Dahiya,0.0,,True
Yugal Saini,,,
Ayush Doseja,,,
Shivam Gupta,,,
Samarth Seth,,,
Rajneesh Dadar,,,
Manan Bhardwaj,,,
Aaradhya Yadav,,,
Sumeet Verma,,,
Shaik Rasheed,0.3,CSK,True
Ayush Vartak,,,
Akash Vasisht,,,
Abhinav Manohar,3.2,SRH,True
Prayas Ray Barman,,,
Kartik Chadha,,,
Abhay Kamal Choudhary,,,
Rohan Rana,,,
Naman Tiwari,0.0,,True
Mukhtar Hussain,,,
Vidyadhar Patil,,,
Sakib Hussain,0.0,,True
Kritagya Singh,,,
Digvijay Deshmukh,0.0,,True
Slakshy Jain,,,
Dhruv Kaushik,,,
Girinath Reddy,,,
Abid Mushtaq,,,
Priyam Garg,0.0,,True
Murugan Ashwin,0.0,,True
Lalit Yadav,0.0,,True
Jonty Sidhu,,,
Sohrab Dhaliwal,,,
Sachin Baby,0.3,SRH,True
Shubham Shubham Agarwal,,,
Prerak Mankad,0.0,,True
Sanjay Yadav,0.0,,True
Baba Indrajith,,,
Atharva Kale,,,
Sumit Kumar 1,,,
Akash Madhwal,1.2,RR,True
Andre Siddharth,,,
Amandeep Khare,,,
Saransh Subodh Jain,,,
Hardik Raj,,,
P Vignesh,,,
Kaushik Maity,,,
Hrithik Shokeen,0.0,,True
Manan Vohra,,,
Abdul Basith,0.0,,True
Atharva Ankolekar,,,
Himanshu Sharma,,,
Prince Choudhary,0.0,,True
Shiva Singh,0.0,,True
Arpit Guleria,0.0,,True
Rajvardhan Hangargekar,,,
Suyash Prabhudessai,,,
Abhijeet Tomar,,,
Harsh Tyagi,,,
Himanshu Singh,,,
Darshan Nalkande,0.3,DC,True
Shashwat Rawat,,,
Gaurav Gambhir,,,
Utkarsh Singh,0.0,,True
Atit Sheth,0.0,,True
Vijay Shankar,1.2,CSK,True
Shubham Garhwal,,,
Dipesh Parwani,,,
Akhil Chaudhary,,,
Apoorv Wankhade,,,
L Manvanth Kumar,,,
Vansh Bedi,0.55,CSK,True
LR Chethan,0.0,,True
Raghav Goyal,0.0,,True
Abhilash Shetty,,,
Money Grewal,,,
Shivalik Sharma,0.0,,True
Mohammed Azharuddeen,,,
Ayush Pandey,,,
Uday Saharan,,,
Praveen Dubey,0.3,PBKS,True
Shubham Kapse,,,
Himanshu Chauhan,,,
Yuvraj Chudasama,,,
Sanvir Singh,,,
Akash Parkar,,,
Simarjeet Singh,1.5,SRH,True
Mayank Dagar,0.0,,True
Saurav Chauhan,,,
Roshan Waghsare,,,
Upendra Yadav,0.0,,True
Kumar Kartikeya Singh,,,
Ravi Yadav,,,
Kamlesh Nagarkoti,0.3,CSK,True
Aaqib Khan,0.0,,True
Anmolpreet Singh,0.0,,True
PP Jaiswal,,,
Mohamed Ali,,,
Saumy Pandey,,,
Ayaz Khan 1,,,
Virat Singh,0.0,,True
Karan Sharma,,,
Vasu Vats,,,
