Player Name,Wickets,Bowl_Innings,Eco_Median,Bowl_Avg,Runs,Bat_Innings,SR_Median,Bat_Avg
Daryl Joseph Mitchell,20.0,27.0,9.0,30.4,2077.0,78.0,130.77,26.63
Tom Banton,0.0,0.0,12.0,99.0,2065.0,71.0,133.33,29.08
Jason Holder,131.0,111.0,9.33,27.88,1254.0,81.0,127.27,15.48
Finn Allen,0.0,0.0,12.0,99.0,1772.0,67.0,156.6,26.45
Jake McGurk,0.0,0.0,12.0,99.0,1397.0,60.0,128.57,23.28
Jonny Bairstow,0.0,0.0,12.0,99.0,1133.0,41.0,143.33,27.63
Matt Henry,81.0,52.0,7.38,19.1,73.0,12.0,87.5,6.08
Wanindu Hasaranga,152.0,101.0,7.25,18.21,1066.0,74.0,122.5,14.41
James Vince,0.0,0.0,12.0,99.0,3827.0,117.0,126.67,32.71
Adam Milne,55.0,40.0,8.25,23.25,79.0,16.0,70.84,4.94
Maheesh Theekshana,113.0,115.0,7.5,29.21,183.0,46.0,50.0,3.98
Devon Conway,0.0,0.0,12.0,99.0,2122.0,70.0,116.23,30.31
Ben Duckett,0.0,0.0,12.0,99.0,567.0,20.0,136.73,28.35
Spencer Johnson,87.0,68.0,7.62,21.91,94.0,20.0,100.0,4.7
Alzarri Joseph,118.0,97.0,9.0,26.99,253.0,38.0,90.91,6.66
Sean Abbott,89.0,62.0,8.75,21.17,346.0,35.0,125.0,9.89
Glenn Maxwell,51.0,70.0,7.58,27.41,2363.0,96.0,150.0,24.61
Moeen Ali,86.0,106.0,8.0,23.71,1697.0,105.0,109.52,16.16
Anrich Nortje,71.0,60.0,8.5,26.62,105.0,20.0,100.0,5.25
Chris Jordan,121.0,111.0,8.75,26.84,780.0,76.0,119.09,10.26
Rassie van der Dussen,0.0,0.0,12.0,99.0,2062.0,71.0,121.62,29.04
Harry Brook,0.0,0.0,12.0,99.0,830.0,38.0,123.22,21.84
Quinton de Kock,0.0,0.0,12.0,99.0,3124.0,118.0,123.61,26.47
Naveen ul Haq,119.0,100.0,9.29,26.9,174.0,33.0,50.0,5.27
Gus Atkinson,38.0,36.0,7.94,27.79,65.0,15.0,100.0,4.33
Tymal Mills,77.0,60.0,8.5,25.61,87.0,21.0,100.0,4.14
Faf du Plessis,0.0,0.0,12.0,99.0,3604.0,108.0,137.36,33.37
Mustafizur Rahman,113.0,90.0,7.75,21.7,49.0,20.0,50.0,2.45
Josh Inglis,0.0,0.0,12.0,99.0,1531.0,67.0,136.84,22.85
Mujeeb Ur Rahman,85.0,80.0,7.0,25.49,167.0,23.0,100.0,7.26
Adam Zampa,115.0,81.0,7.33,20.96,80.0,23.0,77.78,3.48
FazalHaq Farooqi,139.0,103.0,7.64,20.55,43.0,22.0,50.0,1.95
Liam Livingstone,47.0,62.0,9.0,28.64,1888.0,83.0,137.04,22.75
Rahmanullah Gurbaz,1.0,1.0,2.4,2.0,3235.0,133.0,132.57,24.32
Rilee Rossouw,1.0,1.0,3.0,3.0,2436.0,105.0,118.18,23.2
Thomas Curran,55.0,51.0,8.0,27.42,1024.0,61.0,116.67,16.79
Umesh Yadav,13.0,17.0,9.5,35.77,43.0,9.0,90.91,4.78
Venkatesh Iyer,11.0,18.0,9.59,36.27,1285.0,54.0,140.0,23.8
William ORourke,28.0,20.0,7.75,24.36,26.0,4.0,47.72,6.5
Kyle Mayers,43.0,77.0,8.0,32.56,2546.0,105.0,138.46,24.25
Jason Behrendorff,77.0,57.0,8.0,21.91,35.0,10.0,67.5,3.5
Michael Bracewell,40.0,51.0,9.25,33.92,770.0,49.0,109.52,15.71
David Miller,0.0,0.0,12.0,99.0,2525.0,119.0,117.5,21.22
Daniel Sams,106.0,84.0,8.88,25.13,1034.0,70.0,119.52,14.77
Rachin Ravindra,22.0,24.0,8.0,18.32,1070.0,56.0,133.33,19.11
Sam Billings,0.0,0.0,12.0,99.0,2312.0,109.0,120.69,21.21
Akeal Hosein,154.0,153.0,7.25,26.08,747.0,83.0,100.0,9.0
Mark Chapman,0.0,2.0,5.25,17.0,1548.0,67.0,113.81,23.1
Kyle Jamieson,20.0,16.0,9.16,26.15,19.0,6.0,21.43,3.17
Daniel Worrall,32.0,31.0,7.25,24.56,14.0,8.0,50.0,1.75
Matty Potts,24.0,19.0,8.25,23.17,56.0,8.0,75.0,7.0
Riley Meredith,88.0,63.0,8.5,22.26,11.0,6.0,12.5,1.83
Jhye Richardson,17.0,15.0,9.3,30.18,23.0,7.0,100.0,3.29
Cameron Green,17.0,31.0,9.0,41.29,947.0,36.0,141.67,26.31
Lance Morris,37.0,22.0,7.0,17.19,1.0,2.0,50.0,0.5
Shai Hope,0.0,0.0,12.0,99.0,3791.0,122.0,121.97,31.07
Tim Seifert,0.0,0.0,12.0,99.0,3220.0,110.0,128.99,29.27
Gerald Coetzee,61.0,46.0,9.44,24.0,189.0,33.0,80.0,5.73
Sikandar Raza,87.0,119.0,7.5,30.62,2585.0,123.0,127.27,21.02
Matheesha Pathirana,118.0,84.0,9.0,21.71,28.0,16.0,10.0,1.75
Andre Russell,119.0,129.0,10.0,27.92,2509.0,130.0,160.0,19.3
Benjamin Sears,17.0,15.0,9.0,28.35,36.0,8.0,100.0,4.5
Dan Lawrence,24.0,27.0,7.5,18.88,1274.0,54.0,123.22,23.59
Lungi Ngidi,42.0,41.0,9.75,31.79,60.0,18.0,64.59,3.33
Chris Green,98.0,88.0,6.98,23.03,870.0,66.0,129.15,13.18
David Payne,97.0,69.0,7.0,19.53,170.0,28.0,106.25,6.07
Ashton Turner,9.0,27.0,9.0,39.11,1394.0,67.0,130.77,20.81
Ravi Bishnoi,91.0,78.0,7.75,24.77,82.0,22.0,96.43,3.73
Mayank Agarwal,0.0,0.0,12.0,99.0,1405.0,56.0,132.29,25.09
Rahul Chahar,33.0,39.0,8.0,33.64,112.0,10.0,149.23,11.2
Akash Deep,17.0,19.0,10.75,37.18,101.0,9.0,150.0,11.22
Krishnappa Gowtham,42.0,41.0,7.25,24.43,205.0,30.0,100.0,6.83
Karim Janat,33.0,48.0,9.12,39.42,1141.0,64.0,120.87,17.83
Patrick Kruger,12.0,12.0,9.16,19.33,144.0,11.0,104.76,13.09
Matthew Short,34.0,44.0,8.25,27.18,2153.0,69.0,145.45,31.2
Kyle Verreynne,0.0,0.0,12.0,99.0,462.0,20.0,132.05,23.1
Dwaine Pretorius,108.0,84.0,8.5,21.74,689.0,59.0,110.0,11.68
Roston Chase,56.0,66.0,7.0,24.79,1278.0,65.0,113.33,19.66
Nangeyalia Kharote,18.0,22.0,6.88,26.5,128.0,18.0,75.0,7.11
Lizaad Williams,36.0,25.0,9.67,21.75,38.0,14.0,33.33,2.71
Ben Dwarshuis,85.0,67.0,8.25,23.81,602.0,45.0,136.84,13.38
Reece Topley,57.0,56.0,8.59,27.65,24.0,12.0,91.66,2.0
Josh Philippe,0.0,0.0,12.0,99.0,607.0,33.0,112.5,18.39
Ben McDermott,0.0,0.0,12.0,99.0,1848.0,72.0,126.6,25.67
Blessing Muzarabani,63.0,53.0,7.0,22.38,26.0,13.0,50.0,2.0
Joshua Little,41.0,45.0,9.0,32.9,51.0,12.0,61.9,4.25
Waqar Salamkheil,78.0,60.0,8.05,21.65,9.0,8.0,0.0,1.12
Cooper Connolly,13.0,20.0,9.0,24.85,646.0,28.0,134.57,23.07
Nqabayomzi Peter,9.0,13.0,9.0,38.78,29.0,5.0,140.0,5.8
Jeffrey Vandersay,7.0,11.0,7.33,45.29,21.0,7.0,42.86,3.0
Ottneil Baartman,62.0,40.0,7.68,17.63,20.0,7.0,50.0,2.86
Shamar Joseph,24.0,25.0,8.57,29.83,13.0,6.0,33.34,2.17
Mikyle Louis,2.0,1.0,2.0,0.5,541.0,26.0,104.76,20.81
Alick Athanaze,0.0,2.0,23.0,16.0,640.0,33.0,85.71,19.39
Luke Wood,115.0,93.0,8.25,24.3,264.0,42.0,100.0,6.29
Hilton Cartwright,0.0,0.0,12.0,99.0,769.0,34.0,134.85,22.62
Pathum Nissanka,0.0,0.0,12.0,99.0,1800.0,60.0,120.0,30.0
Brandon King,0.0,0.0,12.0,99.0,1805.0,82.0,116.96,22.01
Sediqullah Atal,0.0,0.0,12.0,99.0,1796.0,50.0,130.07,35.92
Kusal Perera,0.0,0.0,12.0,99.0,2112.0,67.0,133.33,31.52
Pieter Willem Mulder,19.0,33.0,10.0,37.53,1087.0,53.0,115.79,20.51
Gudakesh Moti-Kanhai,96.0,82.0,7.62,21.4,271.0,37.0,87.5,7.32
Mohammad Rishad Hossain,91.0,70.0,8.1,20.66,275.0,41.0,100.0,6.71
Dunith Wellalage,41.0,41.0,7.33,24.29,334.0,25.0,94.12,13.36
Richard Gleeson,51.0,42.0,6.88,21.35,11.0,12.0,33.34,0.92
Dan Mousley,60.0,54.0,7.25,20.95,1147.0,55.0,111.76,20.85
Srikar Bharat,0.0,0.0,12.0,99.0,881.0,23.0,150.0,38.3
Kuldeep Sen,17.0,16.0,10.46,32.29,0.0,3.0,0.0,0.0
Sandeep Warrier,34.0,39.0,8.5,30.09,2.0,3.0,33.33,0.67
Rahul Tripathi,0.0,1.0,4.0,4.0,1508.0,64.0,137.5,23.56
Navdeep Saini,15.0,23.0,9.79,44.33,25.0,6.0,75.0,4.17
Shivam Mavi,40.0,27.0,8.0,19.3,249.0,17.0,150.0,14.65
Sarfaraz Khan,0.0,0.0,12.0,99.0,102.0,8.0,89.12,12.75
Prithvi Shaw,0.0,0.0,12.0,99.0,775.0,32.0,144.46,24.22
Deepak Hooda,2.0,10.0,8.0,61.5,579.0,39.0,100.0,14.85
Chetan Sakariya,12.0,12.0,9.0,33.58,16.0,4.0,83.34,4.0
Tom Kohler,0.0,0.0,12.0,99.0,2878.0,110.0,142.86,26.16
Leus du Plooy,0.0,4.0,12.0,32.0,1441.0,61.0,118.75,23.62
Mahipal Lomror,1.0,8.0,11.0,98.0,587.0,30.0,133.33,19.57
Karn Sharma,39.0,42.0,9.5,31.72,269.0,19.0,150.0,14.16
Mohit Sharma,42.0,35.0,9.0,25.88,3.0,5.0,0.0,0.6
Ajay Ahlawat,3.0,4.0,10.0,33.33,0.0,0.0,100.0,0.0
Jalaj Saxena,25.0,17.0,5.5,14.64,303.0,11.0,129.41,27.55
Siddarth Kaul,36.0,26.0,8.41,21.89,165.0,14.0,144.1,11.79
Kartik Tyagi,36.0,26.0,9.36,20.25,8.0,3.0,50.0,2.67
Oliver Davies,0.0,3.0,9.0,24.0,508.0,25.0,117.65,20.32
Duan Jansen,5.0,5.0,9.5,32.6,15.0,2.0,150.0,7.5
Joshua Brown,0.0,1.0,18.0,48.0,938.0,39.0,134.48,24.05
Bevon Jacobs,0.0,0.0,12.0,99.0,125.0,9.0,95.24,13.89
Arpit Rana,1.0,9.0,11.5,149.0,757.0,20.0,143.54,37.85
Sarthak Ranjan,0.0,0.0,12.0,99.0,701.0,19.0,140.0,36.89
Krish Yadav,0.0,0.0,12.0,99.0,631.0,19.0,141.67,33.21
Anmol Sharma,2.0,3.0,8.0,13.0,424.0,18.0,102.28,23.56
Shivam Singh,0.0,1.0,2.4,2.0,1006.0,26.0,130.22,38.69
M Hemanth Reddy,8.0,7.0,9.5,20.12,286.0,11.0,160.0,26.0
Tejasvi Jaiswal,0.0,0.0,12.0,99.0,1.0,1.0,50.0,1.0
Salil Arora,0.0,0.0,12.0,99.0,673.0,27.0,123.08,24.93
Salman Nizar,1.0,1.0,5.5,11.0,1423.0,38.0,144.24,37.45
Writtick Chatterjee,23.0,25.0,6.33,21.78,581.0,24.0,131.7,24.21
Ravi Kumar,9.0,8.0,10.12,24.89,6.0,2.0,66.67,3.0
Ripal Patel,2.0,5.0,7.75,63.0,297.0,17.0,150.0,17.47
Kulwant Khejroliya,13.0,13.0,12.25,36.23,27.0,4.0,100.0,6.75
Himanshu Singh,0.0,1.0,9.33,28.0,3.0,1.0,75.0,3.0
Narayan Jagadeesan,0.0,0.0,12.0,99.0,800.0,31.0,130.0,25.81
Shubham Khajuria,0.0,0.0,12.0,99.0,112.0,4.0,95.03,28.0
Yeddala Kumar Reddy,9.0,7.0,11.5,21.78,3.0,1.0,33.33,3.0
Prashant Solanki,48.0,38.0,8.88,22.5,67.0,11.0,137.5,6.09
Tejpreet Singh,10.0,14.0,7.5,28.9,54.0,6.0,114.28,9.0
Bipin Saurabh,0.0,0.0,12.0,99.0,139.0,4.0,100.48,34.75
Siddarth Yadav,3.0,2.0,12.0,12.67,869.0,28.0,135.29,31.04
Samarth Vyas,0.0,2.0,9.5,18.0,391.0,18.0,110.92,21.72
Mohit Rathee,8.0,11.0,8.75,37.38,48.0,8.0,100.0,6.0
Pratham Sing,0.0,0.0,12.0,99.0,105.0,4.0,92.79,26.25
Vicky Ostwal,24.0,28.0,6.75,29.62,278.0,20.0,100.0,13.9
Hardik Tamore,0.0,0.0,12.0,99.0,538.0,16.0,131.67,33.62
Aarya Desai,2.0,5.0,11.0,29.0,473.0,15.0,164.29,31.53
Tanush Kotian,20.0,19.0,8.25,22.1,128.0,11.0,100.0,11.64
KM Asif,40.0,27.0,7.75,19.2,18.0,3.0,0.0,6.0
KL Shrijith,0.0,0.0,12.0,99.0,1245.0,38.0,115.56,32.76
Yuvraj Chaudhary,14.0,16.0,7.62,28.93,636.0,19.0,137.04,33.47
Ashok Sharma,10.0,9.0,8.33,25.7,2.0,3.0,0.0,0.67
Samarth Nagaraj,2.0,7.0,11.0,125.0,15.0,3.0,60.0,5.0
Shubhang Hegde,43.0,37.0,6.75,21.37,572.0,29.0,131.71,19.72
Aryan Juyal,0.0,0.0,12.0,99.0,384.0,10.0,116.33,38.4
Praful Hinge,8.0,6.0,7.88,25.75,6.0,1.0,100.0,6.0
Vivrant Sharma,0.0,2.0,12.64,37.0,86.0,3.0,76.47,28.67
KC Cariappa,42.0,40.0,6.62,24.05,106.0,17.0,112.5,6.24
PV Satyanarayan Raju,0.0,0.0,12.0,99.0,0.0,0.0,100.0,0.0
Akhil Rawat,0.0,0.0,12.0,99.0,496.0,16.0,165.0,31.0
Rajneesh Gurbani,8.0,7.0,8.0,25.12,3.0,2.0,37.5,1.5
Jafar Jamal,0.0,0.0,12.0,99.0,413.0,19.0,139.13,21.74
Kuldip Yadav,22.0,19.0,9.0,24.55,1.0,1.0,100.0,1.0
Manoj Bhandage,20.0,25.0,9.39,28.85,416.0,25.0,142.86,16.64
Akshat Raghuwanshi,0.0,0.0,12.0,99.0,421.0,8.0,160.03,52.62
Prateek Yadav,1.0,4.0,10.62,78.0,422.0,17.0,180.0,24.82
Jasmer Dhankar,22.0,23.0,9.25,24.73,14.0,7.0,75.0,2.0
Mohit Avasthi,20.0,17.0,9.5,28.9,14.0,3.0,88.89,4.67
Sudhesan Midhun,25.0,24.0,8.75,23.36,33.0,7.0,100.0,4.71
Anirudh Kanwar,5.0,5.0,9.33,32.4,1.0,3.0,0.0,0.33
Kamal Tripathi,16.0,12.0,7.71,16.62,117.0,9.0,100.0,13.0
Prashant Sai Painkra,10.0,10.0,8.4,26.6,1.0,1.0,50.0,1.0
Yarra Prithviraj,20.0,12.0,6.16,16.8,16.0,2.0,108.34,8.0
Saurabh Dubey,12.0,13.0,9.33,27.75,108.0,9.0,55.56,12.0
Abhimanyu Easwaran,0.0,0.0,12.0,99.0,188.0,5.0,158.18,37.6
Ashwin Hebbar,0.0,0.0,12.0,99.0,943.0,24.0,131.68,39.29
Divesh Sharma,0.0,0.0,12.0,99.0,0.0,0.0,100.0,0.0
Saranu Nishanth,1.0,2.0,9.02,53.0,1.0,1.0,50.0,1.0
Vaisakh Chandran,6.0,13.0,7.67,49.5,18.0,5.0,62.5,3.6
Ishan Porel,13.0,13.0,6.78,21.31,0.0,0.0,100.0,0.0
Dinesh Bana,0.0,0.0,12.0,99.0,0.0,0.0,100.0,0.0
Vishwanath Singh,3.0,6.0,9.75,33.67,823.0,26.0,106.0,31.65
Vishnu Solanki,0.0,0.0,12.0,99.0,316.0,21.0,128.57,15.05
Anshuman Hooda,12.0,9.0,10.0,22.17,5.0,1.0,166.67,5.0
BR Sharath,0.0,0.0,12.0,99.0,774.0,30.0,154.72,25.8
Umang Kumar,0.0,1.0,10.0,20.0,280.0,13.0,140.0,21.54
Mahesh Pithiya,14.0,17.0,9.5,20.43,30.0,6.0,102.08,5.0
Rohan Kunnummal,0.0,0.0,12.0,99.0,1379.0,40.0,138.91,34.48
Rohit Rayudu,0.0,0.0,12.0,99.0,134.0,6.0,136.13,22.33
Jonte Smith,0.0,0.0,12.0,99.0,0.0,0.0,100.0,0.0
Tanmay Agarwal,0.0,0.0,12.0,99.0,148.0,6.0,133.46,24.67
Aman Khan,29.0,29.0,7.75,28.45,1252.0,51.0,139.44,24.55
Swastik Chikara,0.0,6.0,9.5,86.0,1388.0,36.0,136.88,38.56
Harvik Desai,0.0,0.0,12.0,99.0,555.0,16.0,155.99,34.69
Shreyash Chavan,32.0,25.0,7.33,21.19,17.0,5.0,66.67,3.4
Atharva Taide,2.0,3.0,7.5,11.0,810.0,22.0,159.66,36.82
Rithik S,0.0,0.0,12.0,99.0,391.0,23.0,131.58,17.0
Yash Dhull,0.0,0.0,12.0,99.0,961.0,30.0,123.84,32.03
Deepak Devadiga,7.0,17.0,9.0,53.71,0.0,1.0,0.0,0.0
Madhav Kaushik,0.0,0.0,12.0,99.0,1002.0,33.0,127.27,30.36
Tanay Thyagarajan,6.0,6.0,6.12,28.67,46.0,3.0,180.0,15.33
Rajan Kumar,11.0,15.0,8.5,37.82,57.0,7.0,100.0,8.14
Kunal Ajay Rathore,0.0,0.0,12.0,99.0,201.0,9.0,141.67,22.33
Vignesh Puthur,12.0,12.0,9.66,25.75,0.0,0.0,100.0,0.0
Luvnith Sisodia,0.0,0.0,12.0,99.0,919.0,32.0,151.25,28.72
Ankit Rajpoot,21.0,16.0,8.25,22.14,9.0,5.0,100.0,1.8
Tushar Raheja,0.0,0.0,12.0,99.0,1051.0,26.0,143.28,40.42
Mayank Rawat,19.0,19.0,7.5,22.11,638.0,22.0,157.36,29.0
Sachin Dhas,0.0,0.0,12.0,99.0,344.0,20.0,104.69,17.2
Ricky Bhui,0.0,0.0,12.0,99.0,725.0,19.0,127.78,38.16
Aradhya Shukla,25.0,18.0,9.54,20.56,1.0,4.0,0.0,0.25
Sudip Kumar Gharami,0.0,0.0,12.0,99.0,658.0,26.0,102.28,25.31
Bharat Sharma,0.0,0.0,12.0,99.0,323.0,11.0,123.53,29.36
Basil Thampi,40.0,29.0,7.75,18.75,107.0,12.0,104.54,8.92
Raj Limbani,16.0,14.0,9.22,19.44,23.0,4.0,100.0,5.75
Anmol Malhotra,0.0,0.0,12.0,99.0,768.0,25.0,133.33,30.72
Sushant Mishra,0.0,0.0,12.0,99.0,0.0,0.0,100.0,0.0
Maruthungal Ajinas,0.0,0.0,12.0,99.0,681.0,29.0,102.0,23.48
Pulkit Narang,11.0,6.0,5.25,7.0,16.0,2.0,120.46,8.0
Mujtaba Yousuf,0.0,0.0,12.0,99.0,0.0,0.0,100.0,0.0
Vineet Panwar,36.0,31.0,7.0,23.58,102.0,17.0,111.11,6.0
R Sonu Yadav,36.0,24.0,7.62,19.08,367.0,20.0,129.7,18.35
Avneesh Sudha,8.0,17.0,9.33,57.25,647.0,21.0,145.16,30.81
Avinash Singh,0.0,0.0,12.0,99.0,0.0,0.0,100.0,0.0
Nishunk Birla,9.0,9.0,6.0,21.11,24.0,3.0,154.55,8.0
Tejasvi Dahiya,0.0,0.0,12.0,99.0,547.0,20.0,159.52,27.35
Yugal Saini,0.0,0.0,12.0,99.0,339.0,14.0,114.96,24.21
Ayush Doseja,0.0,1.0,10.0,10.0,334.0,13.0,100.0,25.69
Shivam Gupta,10.0,8.0,9.12,22.2,318.0,19.0,100.0,16.74
Samarth Seth,0.0,0.0,12.0,99.0,318.0,14.0,124.58,22.71
Rajneesh Dadar,30.0,18.0,8.25,17.2,30.0,4.0,71.9,7.5
Manan Bhardwaj,19.0,17.0,7.0,20.05,44.0,6.0,116.25,7.33
Aaradhya Yadav,0.0,0.0,12.0,99.0,917.0,26.0,104.76,35.27
Sumeet Verma,0.0,0.0,12.0,99.0,59.0,2.0,142.75,29.5
Shaik Rasheed,0.0,3.0,15.0,41.0,726.0,24.0,122.72,30.25
Ayush Vartak,2.0,2.0,10.75,21.5,83.0,5.0,100.0,16.6
Akash Vasisht,1.0,1.0,2.0,2.0,13.0,2.0,90.91,6.5
Abhinav Manohar,0.0,0.0,12.0,99.0,1293.0,49.0,125.0,26.39
Prayas Ray Barman,8.0,10.0,7.33,26.75,168.0,13.0,71.43,12.92
Kartik Chadha,22.0,14.0,6.88,16.45,26.0,5.0,66.67,5.2
Abhay Kamal Choudhary,0.0,0.0,12.0,99.0,142.0,7.0,116.67,20.29
Rohan Rana,0.0,0.0,12.0,99.0,4.0,1.0,100.0,4.0
Naman Tiwari,32.0,25.0,9.0,23.5,17.0,11.0,41.67,1.55
Mukhtar Hussain,10.0,8.0,7.5,17.8,52.0,3.0,207.69,17.33
Vidyadhar Patil,30.0,25.0,10.5,24.13,96.0,11.0,150.0,8.73
Sakib Hussain,0.0,2.0,10.92,56.0,0.0,0.0,100.0,0.0
Kritagya Singh,12.0,18.0,8.75,34.42,628.0,29.0,106.82,21.66
Digvijay Deshmukh,9.0,12.0,11.15,36.11,66.0,8.0,100.0,8.25
Slakshy Jain,7.0,14.0,8.25,40.71,23.0,5.0,100.0,4.6
Dhruv Kaushik,1.0,3.0,12.67,74.0,447.0,17.0,158.54,26.29
Girinath Reddy,13.0,12.0,7.84,23.46,139.0,11.0,100.0,12.64
Abid Mushtaq,0.0,0.0,12.0,99.0,0.0,0.0,100.0,0.0
Priyam Garg,0.0,0.0,12.0,99.0,1049.0,37.0,119.98,28.35
Murugan Ashwin,26.0,26.0,7.0,25.23,119.0,13.0,60.0,9.15
Lalit Yadav,44.0,44.0,8.0,25.98,564.0,37.0,106.25,15.24
Jonty Sidhu,9.0,13.0,7.0,19.33,496.0,18.0,144.0,27.56
Sohrab Dhaliwal,25.0,31.0,8.0,29.76,625.0,32.0,160.56,19.53
Sachin Baby,14.0,21.0,8.0,28.36,1398.0,37.0,150.0,37.78
Shubham Shubham Agarwal,9.0,18.0,7.75,51.78,165.0,14.0,100.0,11.79
Prerak Mankad,9.0,15.0,9.5,40.11,646.0,20.0,127.2,32.3
Sanjay Yadav,11.0,17.0,8.0,33.64,536.0,23.0,122.22,23.3
Baba Indrajith,0.0,0.0,12.0,99.0,782.0,29.0,122.22,26.97
Atharva Kale,0.0,0.0,12.0,99.0,793.0,30.0,121.4,26.43
Sumit Kumar 1,17.0,12.0,8.91,16.18,88.0,14.0,108.34,6.29
Akash Madhwal,40.0,32.0,10.0,25.32,23.0,7.0,75.0,3.29
Andre Siddharth,0.0,0.0,12.0,99.0,193.0,12.0,108.33,16.08
Amandeep Khare,0.0,0.0,12.0,99.0,608.0,16.0,145.83,38.0
Saransh Subodh Jain,12.0,12.0,8.38,26.33,86.0,8.0,90.15,10.75
Hardik Raj,18.0,30.0,8.25,45.56,354.0,20.0,142.26,17.7
P Vignesh,13.0,14.0,9.0,22.23,1.0,1.0,50.0,1.0
Kaushik Maity,10.0,17.0,7.25,39.7,71.0,7.0,100.0,10.14
Hrithik Shokeen,19.0,29.0,7.3,36.37,404.0,21.0,102.94,19.24
Manan Vohra,0.0,0.0,12.0,99.0,406.0,12.0,109.09,33.83
Abdul Basith,24.0,34.0,8.25,29.71,710.0,39.0,130.77,18.21
Atharva Ankolekar,17.0,16.0,7.16,23.71,187.0,11.0,117.65,17.0
Himanshu Sharma,20.0,19.0,8.0,23.05,1.0,1.0,100.0,1.0
Prince Choudhary,2.0,4.0,12.42,40.5,1.0,1.0,50.0,1.0
Shiva Singh,22.0,38.0,7.0,36.95,460.0,27.0,130.95,17.04
Arpit Guleria,4.0,2.0,11.5,20.0,0.0,1.0,0.0,0.0
Rajvardhan Hangargekar,31.0,25.0,9.91,24.42,149.0,18.0,108.34,8.28
Suyash Prabhudessai,0.0,1.0,14.0,28.0,369.0,14.0,122.22,26.36
Abhijeet Tomar,0.0,0.0,12.0,99.0,480.0,12.0,153.12,40.0
Harsh Tyagi,22.0,23.0,7.5,22.77,581.0,31.0,106.46,18.74
Himanshu Singh,0.0,1.0,9.33,28.0,3.0,1.0,75.0,3.0
Darshan Nalkande,10.0,14.0,10.84,45.3,137.0,10.0,119.25,13.7
Shashwat Rawat,1.0,7.0,6.67,101.0,514.0,17.0,141.38,30.24
Gaurav Gambhir,6.0,6.0,8.38,27.83,59.0,5.0,77.78,11.8
Utkarsh Singh,0.0,0.0,12.0,99.0,0.0,0.0,100.0,0.0
Atit Sheth,43.0,25.0,8.25,16.42,383.0,20.0,163.86,19.15
Vijay Shankar,14.0,14.0,9.62,25.43,1077.0,42.0,128.42,25.64
Shubham Garhwal,8.0,4.0,6.62,9.62,249.0,8.0,146.88,31.12
Dipesh Parwani,10.0,10.0,8.68,25.2,1.0,3.0,0.0,0.33
Akhil Chaudhary,17.0,15.0,11.67,30.35,33.0,5.0,75.0,6.6
Apoorv Wankhade,0.0,0.0,12.0,99.0,258.0,12.0,148.33,21.5
L Manvanth Kumar,41.0,35.0,9.25,22.1,324.0,26.0,130.95,12.46
Vansh Bedi,0.0,0.0,12.0,99.0,408.0,17.0,166.67,24.0
LR Chethan,0.0,0.0,12.0,99.0,954.0,34.0,141.88,28.06
Raghav Goyal,9.0,14.0,6.62,40.22,60.0,6.0,143.75,10.0
Abhilash Shetty,39.0,26.0,9.0,19.49,9.0,5.0,50.0,1.8
Money Grewal,31.0,21.0,8.5,19.35,15.0,5.0,100.0,3.0
Shivalik Sharma,0.0,0.0,12.0,99.0,433.0,21.0,141.18,20.62
Mohammed Azharuddeen,0.0,0.0,12.0,99.0,896.0,29.0,137.93,30.9
Ayush Pandey,0.0,0.0,12.0,99.0,665.0,15.0,143.75,44.33
Uday Saharan,0.0,1.0,2.0,2.0,119.0,8.0,101.43,14.88
Praveen Dubey,26.0,30.0,8.38,27.19,465.0,28.0,126.04,16.61
Shubham Kapse,10.0,6.0,9.79,20.5,0.0,0.0,100.0,0.0
Himanshu Chauhan,8.0,12.0,11.25,50.75,0.0,0.0,100.0,0.0
Yuvraj Chudasama,13.0,15.0,7.0,27.69,13.0,5.0,66.67,2.6
Sanvir Singh,29.0,29.0,8.75,27.03,1161.0,40.0,157.14,29.02
Akash Parkar,18.0,15.0,8.67,22.0,329.0,16.0,129.09,20.56
Simarjeet Singh,46.0,30.0,8.75,20.13,56.0,11.0,75.0,5.09
Mayank Dagar,6.0,10.0,8.18,42.67,0.0,2.0,0.0,0.0
Saurav Chauhan,0.0,0.0,12.0,99.0,641.0,26.0,139.23,24.65
Roshan Waghsare,18.0,21.0,7.92,31.5,17.0,4.0,50.0,4.25
Upendra Yadav,0.0,0.0,12.0,99.0,371.0,14.0,136.83,26.5
Kumar Kartikeya Singh,41.0,36.0,8.0,22.83,66.0,14.0,94.12,4.71
Ravi Yadav,0.0,1.0,8.0,32.0,0.0,0.0,100.0,0.0
Kamlesh Nagarkoti,5.0,3.0,6.75,17.2,0.0,2.0,0.0,0.0
Aaqib Khan,17.0,21.0,9.5,35.59,33.0,11.0,50.0,3.0
Anmolpreet Singh,14.0,10.0,8.25,15.71,1489.0,39.0,136.36,38.18
PP Jaiswal,20.0,18.0,8.5,23.9,37.0,6.0,212.5,6.17
Mohamed Ali,12.0,16.0,9.59,27.0,308.0,17.0,133.33,18.12
Saumy Pandey,11.0,12.0,8.66,31.27,5.0,4.0,50.0,1.25
Ayaz Khan 1,0.0,0.0,12.0,99.0,0.0,0.0,100.0,0.0
Virat Singh,0.0,0.0,12.0,99.0,41.0,1.0,136.67,41.0
Karan Sharma,10.0,19.0,7.0,31.4,1417.0,44.0,115.81,32.2
Vasu Vats,23.0,19.0,9.0,25.17,11.0,7.0,25.0,1.57
