Player Name,Base Price,Category,Bowl_Style,Bat_Style,Bat_Hand,Age,Is_Keeper,Wickets,Bowl_Innings,Eco_Median,Bowl_Avg,Runs,Bat_Innings,SR_Median,Bat_Avg,Past_Price_2025,Past_Team_2025,Sold_2025,Retained
Daryl Joseph Mitchell,1.0,Overseas,Right-arm medium,Right-hand bat,R,34.0,0.0,20.0,27.0,9.0,30.4,2077.0,78.0,130.77,26.63,0.0,None,False,False
Tom Banton,1.0,Overseas,Right-arm offbreak,Right-hand bat,R,27.0,1.0,0.0,0.0,12.0,99.0,2065.0,71.0,133.33,29.08,0.0,None,True,False
Jason Holder,1.0,Overseas,Right-arm medium-fast,Right-hand bat,R,34.0,0.0,131.0,111.0,9.33,27.88,1254.0,81.0,127.27,15.48,0.0,None,True,False
Finn Allen,1.0,Overseas,,Right-hand bat,R,26.0,1.0,0.0,0.0,12.0,99.0,1772.0,67.0,156.6,26.45,0.0,None,True,False
Jake McGurk,1.0,Overseas,Right-arm Leg-Break,Right-hand bat,R,23.0,0.0,0.0,0.0,12.0,99.0,1397.0,60.0,128.57,23.28,0.0,None,False,False
Jonny Bairstow,1.0,Overseas,Right-arm medium,Right-hand bat,R,36.0,1.0,0.0,0.0,12.0,99.0,1133.0,41.0,143.33,27.63,0.0,None,True,False
Matt Henry,1.0,Overseas,Right-arm fast-medium,Right-hand bat,R,33.0,0.0,81.0,52.0,7.38,19.1,73.0,12.0,87.5,6.08,0.0,None,True,False
Wanindu Hasaranga,1.0,Overseas,Right-arm Leg-Break,Right-hand bat,R,28.0,0.0,152.0,101.0,7.25,18.21,1066.0,74.0,122.5,14.41,5.25,RR,True,False
James Vince,1.0,Overseas,Right-arm medium,Right-hand bat,R,34.0,0.0,0.0,0.0,12.0,99.0,3827.0,117.0,126.67,32.71,0.0,None,True,False
Adam Milne,1.0,Overseas,Right-arm Fast,Right-hand bat,R,33.0,0.0,55.0,40.0,8.25,23.25,79.0,16.0,70.84,4.94,0.0,None,True,False
Maheesh Theekshana,1.0,Overseas,Right-arm offbreak,Right-hand bat,R,25.0,0.0,113.0,115.0,7.5,29.21,183.0,46.0,50.0,3.98,4.4,RR,True,False
Devon Conway,1.0,Overseas,Right-arm medium,Left-hand bat,L,34.0,1.0,0.0,0.0,12.0,99.0,2122.0,70.0,116.23,30.31,6.25,CSK,True,False
Ben Duckett,1.0,Overseas,Right-arm offbreak,Left-hand bat,L,31.0,0.0,0.0,0.0,12.0,99.0,567.0,20.0,136.73,28.35,0.0,None,True,False
Spencer Johnson,1.0,Overseas,Left-arm fast-medium,Left-hand bat,L,29.0,0.0,87.0,68.0,7.62,21.91,94.0,20.0,100.0,4.7,2.8,KKR,True,False
Alzarri Joseph,1.0,Overseas,Right-arm fast-medium,Right-hand bat,R,29.0,0.0,118.0,97.0,9.0,26.99,253.0,38.0,90.91,6.66,0.0,None,True,False
Sean Abbott,1.0,Overseas,Right-arm fast-medium,Right-hand bat,R,33.0,0.0,89.0,62.0,8.75,21.17,346.0,35.0,125.0,9.89,0.0,None,True,False
Glenn Maxwell,1.0,Overseas,Right-arm offbreak,Right-hand bat,R,37.0,0.0,51.0,70.0,7.58,27.41,2363.0,96.0,150.0,24.61,4.2,PBKS,True,False
Moeen Ali,1.0,Overseas,Right-arm offbreak,Left-hand bat,L,38.0,0.0,86.0,106.0,8.0,23.71,1697.0,105.0,109.52,16.16,2.0,KKR,True,False
Anrich Nortje,1.0,Overseas,Right-arm Fast,Right-hand bat,R,32.0,0.0,71.0,60.0,8.5,26.62,105.0,20.0,100.0,5.25,6.5,KKR,True,False
Chris Jordan,1.0,Overseas,Right-arm fast-medium,Right-hand bat,R,37.0,0.0,121.0,111.0,8.75,26.84,780.0,76.0,119.09,10.26,0.0,None,True,False
Rassie van der Dussen,1.0,Overseas,Right-arm Leg-Break,Right-hand bat,R,36.0,0.0,0.0,0.0,12.0,99.0,2062.0,71.0,121.62,29.04,0.0,None,False,False
Harry Brook,1.0,Overseas,Right-arm medium,Right-hand bat,R,26.0,0.0,0.0,0.0,12.0,99.0,830.0,38.0,123.22,21.84,6.25,DC,True,False
Quinton de Kock,1.0,Overseas,,,,0.0,,0.0,0.0,12.0,99.0,3124.0,118.0,123.61,26.47,3.6,KKR,True,False
Naveen ul Haq,1.0,Overseas,Right-arm medium-fast,Right-hand bat,R,26.0,0.0,119.0,100.0,9.29,26.9,174.0,33.0,50.0,5.27,0.0,None,False,False
Gus Atkinson,1.0,Overseas,Right-arm medium,Right-hand bat,R,27.0,0.0,38.0,36.0,7.94,27.79,65.0,15.0,100.0,4.33,0.0,None,True,False
Tymal Mills,1.0,Overseas,Left-arm Fast,Right-hand bat,R,32.0,0.0,77.0,60.0,8.5,25.61,87.0,21.0,100.0,4.14,0.0,None,True,False
Faf du Plessis,1.0,Overseas,Right-arm Leg-Break,Right-hand bat,R,41.0,0.0,0.0,0.0,12.0,99.0,3604.0,108.0,137.36,33.37,2.0,DC,True,False
Mustafizur Rahman,1.0,Overseas,Left-arm fast-medium,Left-hand bat,L,30.0,0.0,113.0,90.0,7.75,21.7,49.0,20.0,50.0,2.45,0.0,None,True,False
Josh Inglis,1.0,Overseas,,Right-hand bat,R,30.0,1.0,0.0,0.0,12.0,99.0,1531.0,67.0,136.84,22.85,2.6,PBKS,True,False
Mujeeb Ur Rahman,1.0,Overseas,Right-arm offbreak,Right-hand bat,R,24.0,0.0,85.0,80.0,7.0,25.49,167.0,23.0,100.0,7.26,0.0,None,True,False
Adam Zampa,1.0,Overseas,Right-arm Leg-Break,Right-hand bat,R,33.0,0.0,115.0,81.0,7.33,20.96,80.0,23.0,77.78,3.48,2.4,SRH,True,False
FazalHaq Farooqi,1.0,Overseas,Left-arm medium,Right-hand bat,R,25.0,0.0,139.0,103.0,7.64,20.55,43.0,22.0,50.0,1.95,0.0,None,False,False
Liam Livingstone,1.0,Overseas,Right-arm Leg-Break,Right-hand bat,R,32.0,0.0,47.0,62.0,9.0,28.64,1888.0,83.0,137.04,22.75,8.75,RCB,True,False
Rahmanullah Gurbaz,1.0,Overseas,Left-arm Chinaman,Right-hand bat,R,23.0,1.0,1.0,1.0,2.4,2.0,3235.0,133.0,132.57,24.32,2.0,KKR,True,False
Rilee Rossouw,1.0,Overseas,Right-arm offbreak,Left-hand bat,L,36.0,0.0,1.0,1.0,3.0,3.0,2436.0,105.0,118.18,23.2,0.0,None,False,False
Thomas Curran,1.0,Overseas,Right-arm fast-medium,Right-hand bat,R,29.0,0.0,55.0,51.0,8.0,27.42,1024.0,61.0,116.67,16.79,0.0,None,False,False
Umesh Yadav,1.0,Indian,Right-arm fast-medium,Right-hand bat,R,38.0,0.0,13.0,17.0,9.5,35.77,43.0,9.0,90.91,4.78,0.0,None,True,False
Venkatesh Iyer,1.0,Indian,Right-arm medium,Left-hand bat,L,30.0,0.0,11.0,18.0,9.59,36.27,1285.0,54.0,140.0,23.8,23.75,KKR,True,False
William ORourke,1.0,Overseas,Right-arm Fast,Right-hand bat,R,24.0,0.0,28.0,20.0,7.75,24.36,26.0,4.0,47.72,6.5,0.0,None,True,False
Kyle Mayers,1.0,Overseas,Right-arm medium,Left-hand bat,L,33.0,0.0,43.0,77.0,8.0,32.56,2546.0,105.0,138.46,24.25,0.0,None,True,False
Jason Behrendorff,1.0,Overseas,Left-arm fast-medium,Right-hand bat,R,35.0,0.0,77.0,57.0,8.0,21.91,35.0,10.0,67.5,3.5,0.0,None,True,False
Michael Bracewell,1.0,Overseas,Right-arm offbreak,Left-hand bat,L,34.0,0.0,40.0,51.0,9.25,33.92,770.0,49.0,109.52,15.71,0.0,None,True,False
David Miller,1.0,Overseas,Right-arm offbreak,Left-hand bat,L,36.0,0.0,0.0,0.0,12.0,99.0,2525.0,119.0,117.5,21.22,7.5,LSG,True,False
Daniel Sams,1.0,Overseas,Left-arm fast-medium,Right-hand bat,R,33.0,0.0,106.0,84.0,8.88,25.13,1034.0,70.0,119.52,14.77,0.0,None,True,False
Rachin Ravindra,1.0,Overseas,Slow left-arm orthodox,Left-hand bat,L,26.0,0.0,22.0,24.0,8.0,18.32,1070.0,56.0,133.33,19.11,4.0,CSK,False,False
Sam Billings,1.0,Overseas,Right-arm medium,Right-hand bat,R,34.0,1.0,0.0,0.0,12.0,99.0,2312.0,109.0,120.69,21.21,0.0,None,True,False
Akeal Hosein,1.0,Overseas,Slow left-arm orthodox,Left-hand bat,L,32.0,0.0,154.0,153.0,7.25,26.08,747.0,83.0,100.0,9.0,0.0,None,True,False
Mark Chapman,1.0,Overseas,Slow left-arm orthodox,Left-hand bat,L,31.0,0.0,0.0,2.0,5.25,17.0,1548.0,67.0,113.81,23.1,0.0,None,False,False
Kyle Jamieson,1.0,Overseas,Right-arm medium,Right-hand bat,R,30.0,0.0,20.0,16.0,9.16,26.15,19.0,6.0,21.43,3.17,0.0,None,True,False
Daniel Worrall,1.0,Overseas,Right-arm fast-medium,Right-hand bat,R,34.0,0.0,32.0,31.0,7.25,24.56,14.0,8.0,50.0,1.75,0.0,None,False,False
Matty Potts,1.0,Overseas,Right-arm medium,Right-hand bat,R,27.0,0.0,24.0,19.0,8.25,23.17,56.0,8.0,75.0,7.0,0.0,None,False,False
Riley Meredith,1.0,Overseas,Right-arm Fast,Right-hand bat,R,29.0,0.0,88.0,63.0,8.5,22.26,11.0,6.0,12.5,1.83,0.0,None,False,False
Jhye Richardson,1.0,Overseas,Right-arm Fast,Right-hand bat,R,29.0,0.0,17.0,15.0,9.3,30.18,23.0,7.0,100.0,3.29,0.0,None,True,False
Cameron Green,1.0,Overseas,Right-arm medium,Right-hand bat,R,26.0,0.0,17.0,31.0,9.0,41.29,947.0,36.0,141.67,26.31,0.0,None,False,False
Lance Morris,1.0,Overseas,Right-arm medium,Right-hand bat,R,27.0,0.0,37.0,22.0,7.0,17.19,1.0,2.0,50.0,0.5,0.0,None,True,False
Shai Hope,1.0,Overseas,,Right-hand bat,R,32.0,1.0,0.0,0.0,12.0,99.0,3791.0,122.0,121.97,31.07,0.0,None,True,False
Tim Seifert,1.0,Overseas,Right-arm offbreak,Right-hand bat,R,30.0,1.0,0.0,0.0,12.0,99.0,3220.0,110.0,128.99,29.27,0.0,None,True,False
Gerald Coetzee,1.0,Overseas,Right-arm Fast,Right-hand bat,R,25.0,0.0,61.0,46.0,9.44,24.0,189.0,33.0,80.0,5.73,2.4,GT,True,False
Sikandar Raza,1.0,Overseas,Right-arm offbreak,Right-hand bat,R,39.0,0.0,87.0,119.0,7.5,30.62,2585.0,123.0,127.27,21.02,0.0,None,True,False
Matheesha Pathirana,1.0,Overseas,Right-arm medium,Right-hand bat,R,22.0,0.0,118.0,84.0,9.0,21.71,28.0,16.0,10.0,1.75,0.0,CSK,False,False
Andre Russell,1.0,Overseas,Right-arm Fast,Right-hand bat,R,37.0,0.0,119.0,129.0,10.0,27.92,2509.0,130.0,160.0,19.3,0.0,KKR,False,False
Benjamin Sears,1.0,Overseas,Right-arm medium-fast,Right-hand bat,R,27.0,0.0,17.0,15.0,9.0,28.35,36.0,8.0,100.0,4.5,0.0,None,False,False
Dan Lawrence,1.0,Overseas,Right-arm offbreak,Right-hand bat,R,27.0,0.0,24.0,27.0,7.5,18.88,1274.0,54.0,123.22,23.59,0.0,None,False,False
Lungi Ngidi,1.0,Overseas,Right-arm Fast,Right-hand bat,R,29.0,0.0,42.0,41.0,9.75,31.79,60.0,18.0,64.59,3.33,1.0,RCB,True,False
Chris Green,1.0,Overseas,Right-arm offbreak,Right-hand bat,R,32.0,0.0,98.0,88.0,6.98,23.03,870.0,66.0,129.15,13.18,0.0,None,False,False
David Payne,1.0,Overseas,Left-arm fast-medium,Right-hand bat,R,34.0,0.0,97.0,69.0,7.0,19.53,170.0,28.0,106.25,6.07,0.0,None,False,False
Ashton Turner,1.0,Overseas,Right-arm offbreak,Right-hand bat,R,32.0,0.0,9.0,27.0,9.0,39.11,1394.0,67.0,130.77,20.81,0.0,None,True,False
Ravi Bishnoi,1.0,Indian,Right-arm Leg-Break,Right-hand bat,R,25.0,0.0,91.0,78.0,7.75,24.77,82.0,22.0,96.43,3.73,0.0,LSG,False,False
Mayank Agarwal,1.0,Indian,Right-arm offbreak,Right-hand bat,R,34.0,0.0,0.0,0.0,12.0,99.0,1405.0,56.0,132.29,25.09,0.0,None,False,False
Rahul Chahar,1.0,Indian,Right-arm Leg-Break,Right-hand bat,R,26.0,0.0,33.0,39.0,8.0,33.64,112.0,10.0,149.23,11.2,3.2,SRH,True,False
Akash Deep,1.0,Indian,Right-arm Fast,Right-hand bat,R,28.0,0.0,17.0,19.0,10.75,37.18,101.0,9.0,150.0,11.22,8.0,LSG,True,False
Krishnappa Gowtham,0.5,Indian,Right-arm offbreak,Right-hand bat,R,37.0,0.0,42.0,41.0,7.25,24.43,205.0,30.0,100.0,6.83,0.0,None,True,False
Karim Janat,0.5,Overseas,Right-arm medium,Right-hand bat,R,27.0,0.0,33.0,48.0,9.12,39.42,1141.0,64.0,120.87,17.83,0.75,GT,True,False
Patrick Kruger,0.5,Overseas,Right-arm medium,Right-hand bat,R,30.0,0.0,12.0,12.0,9.16,19.33,144.0,11.0,104.76,13.09,0.0,None,True,False
Matthew Short,0.5,Overseas,Right-arm offbreak,Right-hand bat,R,30.0,0.0,34.0,44.0,8.25,27.18,2153.0,69.0,145.45,31.2,0.0,None,True,False
Kyle Verreynne,0.5,Overseas,Right-arm offbreak,Right-hand bat,R,27.0,0.0,0.0,0.0,12.0,99.0,462.0,20.0,132.05,23.1,0.0,None,False,False
Dwaine Pretorius,0.5,Overseas,Right-arm medium-fast,Right-hand bat,R,36.0,0.0,108.0,84.0,8.5,21.74,689.0,59.0,110.0,11.68,0.0,None,True,False
Roston Chase,0.5,Overseas,Right-arm offbreak,Right-hand bat,R,33.0,0.0,56.0,66.0,7.0,24.79,1278.0,65.0,113.33,19.66,0.0,None,True,False
Nangeyalia Kharote,0.5,Overseas,Slow left-arm orthodox,Left-hand bat,L,24.0,0.0,18.0,22.0,6.88,26.5,128.0,18.0,75.0,7.11,0.0,None,True,False
Lizaad Williams,0.5,Overseas,Right-arm medium-fast,Left-hand bat,L,32.0,0.0,36.0,25.0,9.67,21.75,38.0,14.0,33.33,2.71,0.75,MI,True,False
Ben Dwarshuis,0.5,Overseas,Left-arm fast-medium,Left-hand bat,L,31.0,0.0,85.0,67.0,8.25,23.81,602.0,45.0,136.84,13.38,0.0,None,False,False
Reece Topley,0.5,Overseas,Left-arm medium-fast,Right-hand bat,R,31.0,0.0,57.0,56.0,8.59,27.65,24.0,12.0,91.66,2.0,0.75,MI,True,False
Josh Philippe,0.5,Overseas,,Right-hand bat,R,28.0,1.0,0.0,0.0,12.0,99.0,607.0,33.0,112.5,18.39,0.0,None,True,False
Ben McDermott,0.5,Overseas,Right-arm offbreak,Right-hand bat,R,30.0,0.0,0.0,0.0,12.0,99.0,1848.0,72.0,126.6,25.67,0.0,None,True,False
Blessing Muzarabani,0.5,Overseas,Right-arm Fast,Right-hand bat,R,29.0,0.0,63.0,53.0,7.0,22.38,26.0,13.0,50.0,2.0,0.0,None,True,False
Joshua Little,0.5,Overseas,Left-arm Fast,Right-hand bat,R,26.0,0.0,41.0,45.0,9.0,32.9,51.0,12.0,61.9,4.25,0.0,None,True,False
Waqar Salamkheil,0.5,Overseas,Left-arm Chinaman,Right-hand bat,R,24.0,0.0,78.0,60.0,8.05,21.65,9.0,8.0,0.0,1.12,0.0,None,True,False
Cooper Connolly,0.5,Overseas,Slow left-arm orthodox,Left-hand bat,L,22.0,0.0,13.0,20.0,9.0,24.85,646.0,28.0,134.57,23.07,0.0,None,False,False
Nqabayomzi Peter,0.5,Overseas,Right-arm Leg-Break,Right-hand bat,R,24.0,0.0,9.0,13.0,9.0,38.78,29.0,5.0,140.0,5.8,0.0,None,False,False
Jeffrey Vandersay,0.5,Overseas,Right-arm Leg-Break,Right-hand bat,R,35.0,0.0,7.0,11.0,7.33,45.29,21.0,7.0,42.86,3.0,0.0,None,True,False
Ottneil Baartman,0.5,Overseas,Right-arm medium-fast,Right-hand bat,R,32.0,0.0,62.0,40.0,7.68,17.63,20.0,7.0,50.0,2.86,0.0,None,True,False
Shamar Joseph,0.5,Overseas,Right-arm Fast,Right-hand bat,R,26.0,0.0,24.0,25.0,8.57,29.83,13.0,6.0,33.34,2.17,0.75,LSG,False,False
Mikyle Louis,0.5,Overseas,Right-arm Leg-Break,Right-hand bat,R,25.0,0.0,2.0,1.0,2.0,0.5,541.0,26.0,104.76,20.81,0.0,None,False,False
Alick Athanaze,0.5,Overseas,Right-arm offbreak,Left-hand bat,L,27.0,0.0,0.0,2.0,23.0,16.0,640.0,33.0,85.71,19.39,0.0,None,False,False
Luke Wood,0.5,Overseas,Left-arm medium,Left-hand bat,L,30.0,0.0,115.0,93.0,8.25,24.3,264.0,42.0,100.0,6.29,0.0,None,True,False
Hilton Cartwright,0.5,Overseas,Right-arm medium,Right-hand bat,R,33.0,0.0,0.0,0.0,12.0,99.0,769.0,34.0,134.85,22.62,0.0,None,False,False
Pathum Nissanka,0.5,Overseas,,Right-hand bat,R,27.0,0.0,0.0,0.0,12.0,99.0,1800.0,60.0,120.0,30.0,0.0,None,True,False
Brandon King,0.5,Overseas,,Right-hand bat,R,30.0,0.0,0.0,0.0,12.0,99.0,1805.0,82.0,116.96,22.01,0.0,None,True,False
Sediqullah Atal,0.5,Overseas,,Left-hand bat,L,23.0,0.0,0.0,0.0,12.0,99.0,1796.0,50.0,130.07,35.92,0.0,None,True,False
Kusal Perera,0.5,Overseas,,Left-hand bat,L,35.0,1.0,0.0,0.0,12.0,99.0,2112.0,67.0,133.33,31.52,0.0,None,True,False
Pieter Willem Mulder,0.5,Overseas,Right-arm medium,Right-hand bat,R,27.0,0.0,19.0,33.0,10.0,37.53,1087.0,53.0,115.79,20.51,0.0,None,False,False
Gudakesh Moti-Kanhai,0.5,Overseas,Slow left-arm orthodox,Left-hand bat,L,30.0,0.0,96.0,82.0,7.62,21.4,271.0,37.0,87.5,7.32,0.0,None,False,False
Mohammad Rishad Hossain,0.5,Overseas,Right-arm Leg-Break,Right-hand bat,R,23.0,0.0,91.0,70.0,8.1,20.66,275.0,41.0,100.0,6.71,0.0,None,False,False
Dunith Wellalage,0.5,Overseas,Slow left-arm orthodox,Left-hand bat,L,22.0,0.0,41.0,41.0,7.33,24.29,334.0,25.0,94.12,13.36,0.0,None,True,False
Richard Gleeson,0.5,Overseas,Right-arm medium,Right-hand bat,R,38.0,0.0,51.0,42.0,6.88,21.35,11.0,12.0,33.34,0.92,0.0,None,True,False
Dan Mousley,0.5,Overseas,Right-arm offbreak,Left-hand bat,L,24.0,0.0,60.0,54.0,7.25,20.95,1147.0,55.0,111.76,20.85,0.0,None,True,False
Srikar Bharat,0.5,Indian,,Right-hand bat,R,32.0,0.0,0.0,0.0,12.0,99.0,881.0,23.0,150.0,38.3,0.0,None,True,False
Kuldeep Sen,0.5,Indian,Right-arm medium-fast,Right-hand bat,R,29.0,0.0,17.0,16.0,10.46,32.29,0.0,3.0,0.0,0.0,0.8,PBKS,True,False
Sandeep Warrier,0.5,Indian,Right-arm medium,Right-hand bat,R,34.0,0.0,34.0,39.0,8.5,30.09,2.0,3.0,33.33,0.67,0.0,None,True,False
Rahul Tripathi,0.5,Indian,Right-arm medium-fast,Right-hand bat,R,34.0,0.0,0.0,1.0,4.0,4.0,1508.0,64.0,137.5,23.56,3.4,CSK,True,False
Navdeep Saini,0.5,Indian,Right-arm Fast,Right-hand bat,R,33.0,0.0,15.0,23.0,9.79,44.33,25.0,6.0,75.0,4.17,0.0,None,True,False
Shivam Mavi,0.5,Indian,Right-arm Fast,Right-hand bat,R,26.0,0.0,40.0,27.0,8.0,19.3,249.0,17.0,150.0,14.65,0.0,None,True,False
Sarfaraz Khan,0.5,Indian,Right-arm Leg-Break,Right-hand bat,R,28.0,0.0,0.0,0.0,12.0,99.0,102.0,8.0,89.12,12.75,0.0,None,True,False
Prithvi Shaw,0.5,Indian,Right-arm offbreak,Right-hand bat,R,26.0,0.0,0.0,0.0,12.0,99.0,775.0,32.0,144.46,24.22,0.0,None,True,False
Deepak Hooda,0.5,Indian,Right-arm offbreak,Right-hand bat,R,30.0,0.0,2.0,10.0,8.0,61.5,579.0,39.0,100.0,14.85,1.7,CSK,True,False
Chetan Sakariya,0.5,Indian,Left-arm medium-fast,Left-hand bat,L,27.0,0.0,12.0,12.0,9.0,33.58,16.0,4.0,83.34,4.0,0.0,None,True,False
Tom Kohler,0.5,Overseas,Right-arm offbreak,Right-hand bat,R,31.0,0.0,0.0,0.0,12.0,99.0,2878.0,110.0,142.86,26.16,0.0,None,False,False
Leus du Plooy,0.5,Overseas,Slow left-arm orthodox,Left-hand bat,L,30.0,0.0,0.0,4.0,12.0,32.0,1441.0,61.0,118.75,23.62,0.0,None,True,False
Mahipal Lomror,0.3,Indian,Slow left-arm orthodox,Left-hand bat,L,26.0,0.0,1.0,8.0,11.0,98.0,587.0,30.0,133.33,19.57,1.7,GT,True,False
Karn Sharma,0.3,Indian,Right-arm Leg-Break,Left-hand bat,L,38.0,0.0,39.0,42.0,9.5,31.72,269.0,19.0,150.0,14.16,0.5,MI,True,False
Mohit Sharma,0.3,Indian,Right-arm medium,Right-hand bat,R,37.0,0.0,42.0,35.0,9.0,25.88,3.0,5.0,0.0,0.6,2.2,DC,True,False
Ajay Ahlawat,0.3,Indian,Left-arm medium,Right-hand bat,R,0.0,0.0,3.0,4.0,10.0,33.33,0.0,0.0,100.0,0.0,0.0,None,False,False
Jalaj Saxena,0.3,Indian,Right-arm offbreak,Right-hand bat,R,38.0,0.0,25.0,17.0,5.5,14.64,303.0,11.0,129.41,27.55,0.0,None,False,False
Siddarth Kaul,0.3,Indian,Right-arm medium,Right-hand bat,R,35.0,0.0,36.0,26.0,8.41,21.89,165.0,14.0,144.1,11.79,0.0,None,True,False
Kartik Tyagi,0.3,Indian,Right-arm medium-fast,Right-hand bat,R,25.0,0.0,36.0,26.0,9.36,20.25,8.0,3.0,50.0,2.67,0.0,None,True,False
Oliver Davies,0.3,Overseas,Right-arm offbreak,Right-hand bat,R,25.0,0.0,0.0,3.0,9.0,24.0,508.0,25.0,117.65,20.32,0.0,None,False,False
Duan Jansen,0.3,Overseas,Left-arm Fast,Right-hand bat,R,25.0,0.0,5.0,5.0,9.5,32.6,15.0,2.0,150.0,7.5,0.0,None,True,False
Joshua Brown,0.3,Overseas,Right-arm offbreak,Right-hand bat,R,31.0,0.0,0.0,1.0,18.0,48.0,938.0,39.0,134.48,24.05,0.0,None,False,False
Bevon Jacobs,0.3,Overseas,Right-arm medium,Right-hand bat,R,23.0,0.0,0.0,0.0,12.0,99.0,125.0,9.0,95.24,13.89,0.3,MI,True,False
Arpit Rana,0.3,Indian,Right-arm offbreak,Left-hand bat,L,22.0,0.0,1.0,9.0,11.5,149.0,757.0,20.0,143.54,37.85,0.0,None,False,False
Sarthak Ranjan,0.3,Indian,Right-arm Leg-Break,Right-hand bat,R,29.0,0.0,0.0,0.0,12.0,99.0,701.0,19.0,140.0,36.89,0.0,None,False,False
Krish Yadav,0.3,Indian,Right-arm medium,Right-hand bat,R,25.0,0.0,0.0,0.0,12.0,99.0,631.0,19.0,141.67,33.21,0.0,None,False,False
Anmol Sharma,0.3,Indian,Right-arm medium,Right-hand bat,R,25.0,0.0,2.0,3.0,8.0,13.0,424.0,18.0,102.28,23.56,0.0,None,False,False
Shivam Singh,0.3,Indian,Right-arm medium-fast,Right-hand bat,R,0.0,0.0,0.0,1.0,2.4,2.0,1006.0,26.0,130.22,38.69,0.0,None,True,False
M Hemanth Reddy,0.3,Indian,Right-arm Leg-Break,Right-hand bat,R,23.0,0.0,8.0,7.0,9.5,20.12,286.0,11.0,160.0,26.0,0.0,None,False,False
Tejasvi Jaiswal,0.3,Indian,Right-arm medium,Left-hand bat,L,28.0,0.0,0.0,0.0,12.0,99.0,1.0,1.0,50.0,1.0,0.0,None,False,False
Salil Arora,0.3,Indian,Right-arm medium,Right-hand bat,R,23.0,0.0,0.0,0.0,12.0,99.0,673.0,27.0,123.08,24.93,0.0,None,False,False
Salman Nizar,0.3,Indian,Right-arm offbreak,Left-hand bat,L,28.0,0.0,1.0,1.0,5.5,11.0,1423.0,38.0,144.24,37.45,0.0,None,True,False
Writtick Chatterjee,0.3,Indian,Right-arm offbreak,Right-hand bat,R,33.0,0.0,23.0,25.0,6.33,21.78,581.0,24.0,131.7,24.21,0.0,None,False,False
Ravi Kumar,0.3,Indian,Left-arm Fast,Left-hand bat,L,22.0,0.0,9.0,8.0,10.12,24.89,6.0,2.0,66.67,3.0,0.0,None,False,False
Ripal Patel,0.3,Indian,Right-arm medium-fast,Right-hand bat,R,30.0,0.0,2.0,5.0,7.75,63.0,297.0,17.0,150.0,17.47,0.0,None,True,False
Kulwant Khejroliya,0.3,Indian,Left-arm medium-fast,Left-hand bat,L,33.0,0.0,13.0,13.0,12.25,36.23,27.0,4.0,100.0,6.75,0.3,GT,True,False
Himanshu Singh,0.3,Indian,Right-arm offbreak,Right-hand bat,R,22.0,0.0,0.0,1.0,9.33,28.0,3.0,1.0,75.0,3.0,0.0,None,False,False
Himanshu Singh,0.3,Indian,Right-arm offbreak,Right-hand bat,R,22.0,0.0,0.0,1.0,9.33,28.0,3.0,1.0,75.0,3.0,0.0,None,False,False
Himanshu Singh,0.3,Indian,Right-arm offbreak,Right-hand bat,R,22.0,0.0,0.0,1.0,9.33,28.0,3.0,1.0,75.0,3.0,0.0,None,False,False
Himanshu Singh,0.3,Indian,Right-arm offbreak,Right-hand bat,R,22.0,0.0,0.0,1.0,9.33,28.0,3.0,1.0,75.0,3.0,0.0,None,False,False
Himanshu Singh,0.3,Indian,Right-arm offbreak,Right-hand bat,R,22.0,0.0,0.0,1.0,9.33,28.0,3.0,1.0,75.0,3.0,0.0,None,False,False
Himanshu Singh,0.3,Indian,Right-arm offbreak,Right-hand bat,R,22.0,0.0,0.0,1.0,9.33,28.0,3.0,1.0,75.0,3.0,0.0,None,False,False
Himanshu Singh,0.3,Indian,Right-arm offbreak,Right-hand bat,R,22.0,0.0,0.0,1.0,9.33,28.0,3.0,1.0,75.0,3.0,0.0,None,False,False
Himanshu Singh,0.3,Indian,Right-arm offbreak,Right-hand bat,R,22.0,0.0,0.0,1.0,9.33,28.0,3.0,1.0,75.0,3.0,0.0,None,False,False
Narayan Jagadeesan,0.3,Indian,Right-arm medium,Right-hand bat,R,29.0,0.0,0.0,0.0,12.0,99.0,800.0,31.0,130.0,25.81,0.0,None,False,False
Shubham Khajuria,0.3,Indian,Right-arm offbreak,Right-hand bat,R,30.0,0.0,0.0,0.0,12.0,99.0,112.0,4.0,95.03,28.0,0.0,None,False,False
Yeddala Kumar Reddy,0.3,Indian,Right-arm Fast,Right-hand bat,R,25.0,0.0,9.0,7.0,11.5,21.78,3.0,1.0,33.33,3.0,0.0,None,False,False
Prashant Solanki,0.3,Indian,Right-arm Leg-Break,Right-hand bat,R,25.0,0.0,48.0,38.0,8.88,22.5,67.0,11.0,137.5,6.09,0.0,None,True,False
Tejpreet Singh,0.3,Indian,Right-arm Leg-Break,Right-hand bat,R,25.0,0.0,10.0,14.0,7.5,28.9,54.0,6.0,114.28,9.0,0.0,None,False,False
Bipin Saurabh,0.3,Indian,Right-arm medium-fast,Right-hand bat,R,26.0,0.0,0.0,0.0,12.0,99.0,139.0,4.0,100.48,34.75,0.0,None,False,False
Siddarth Yadav,0.3,Indian,Right-arm Fast,Left-hand bat,L,22.0,0.0,3.0,2.0,12.0,12.67,869.0,28.0,135.29,31.04,0.0,None,False,False
Samarth Vyas,0.3,Indian,Right-arm Leg-Break,Right-hand bat,R,29.0,0.0,0.0,2.0,9.5,18.0,391.0,18.0,110.92,21.72,0.0,None,False,False
Mohit Rathee,0.3,Indian,Right-arm Leg-Break,Right-hand bat,R,25.0,0.0,8.0,11.0,8.75,37.38,48.0,8.0,100.0,6.0,0.3,RCB,True,False
Pratham Sing,0.3,Indian,Right-arm offbreak,Left-hand bat,L,33.0,0.0,0.0,0.0,12.0,99.0,105.0,4.0,92.79,26.25,0.0,None,False,False
Vicky Ostwal,0.3,Indian,Slow left-arm orthodox,Right-hand bat,R,23.0,0.0,24.0,28.0,6.75,29.62,278.0,20.0,100.0,13.9,0.0,None,False,False
Hardik Tamore,0.3,Indian,Right-arm medium,Right-hand bat,R,28.0,0.0,0.0,0.0,12.0,99.0,538.0,16.0,131.67,33.62,0.0,None,True,False
Aarya Desai,0.3,Indian,Right-arm offbreak,Left-hand bat,L,22.0,0.0,2.0,5.0,11.0,29.0,473.0,15.0,164.29,31.53,0.0,None,False,False
Tanush Kotian,0.3,Indian,Right-arm offbreak,Right-hand bat,R,27.0,0.0,20.0,19.0,8.25,22.1,128.0,11.0,100.0,11.64,0.0,None,True,False
KM Asif,0.3,Indian,Right-arm medium,Right-hand bat,R,32.0,0.0,40.0,27.0,7.75,19.2,18.0,3.0,0.0,6.0,0.0,None,True,False
KL Shrijith,0.3,Indian,Right-arm offbreak,Left-hand bat,L,28.0,0.0,0.0,0.0,12.0,99.0,1245.0,38.0,115.56,32.76,0.0,None,False,False
Yuvraj Chaudhary,0.3,Indian,Slow left-arm orthodox,Left-hand bat,L,24.0,0.0,14.0,16.0,7.62,28.93,636.0,19.0,137.04,33.47,0.3,LSG,True,False
Ashok Sharma,0.3,Indian,Right-arm medium,Right-hand bat,R,23.0,0.0,10.0,9.0,8.33,25.7,2.0,3.0,0.0,0.67,0.3,RR,True,False
Samarth Nagaraj,0.3,Indian,Right-arm medium-fast,Right-hand bat,R,20.0,0.0,2.0,7.0,11.0,125.0,15.0,3.0,60.0,5.0,0.0,None,True,False
Shubhang Hegde,0.3,Indian,Slow left-arm orthodox,Left-hand bat,L,24.0,0.0,43.0,37.0,6.75,21.37,572.0,29.0,131.71,19.72,0.0,None,False,False
Aryan Juyal,0.3,Indian,Right-arm Fast,Right-hand bat,R,24.0,1.0,0.0,0.0,12.0,99.0,384.0,10.0,116.33,38.4,0.3,LSG,True,False
Praful Hinge,0.3,Indian,Right-arm medium-fast,Right-hand bat,R,23.0,0.0,8.0,6.0,7.88,25.75,6.0,1.0,100.0,6.0,0.0,None,False,False
Vivrant Sharma,0.3,Indian,Right-arm Leg-Break,Left-hand bat,L,28.0,0.0,0.0,2.0,12.64,37.0,86.0,3.0,76.47,28.67,0.0,None,True,False
KC Cariappa,0.3,Indian,Right-arm Leg-Break,Right-hand bat,R,30.0,0.0,42.0,40.0,6.62,24.05,106.0,17.0,112.5,6.24,0.0,None,False,False
PV Satyanarayan Raju,0.3,Indian,,,,0.0,,0.0,0.0,12.0,99.0,0.0,0.0,100.0,0.0,0.0,None,False,False
Akhil Rawat,0.3,Indian,Right-arm Fast,Right-hand bat,R,0.0,0.0,0.0,0.0,12.0,99.0,496.0,16.0,165.0,31.0,0.0,None,False,False
Rajneesh Gurbani,0.3,Indian,Right-arm medium,Right-hand bat,R,32.0,0.0,8.0,7.0,8.0,25.12,3.0,2.0,37.5,1.5,0.0,None,False,False
Jafar Jamal,0.3,Indian,Right-arm medium,Right-hand bat,R,35.0,0.0,0.0,0.0,12.0,99.0,413.0,19.0,139.13,21.74,0.0,None,False,False
Kuldip Yadav,0.3,Indian,Left-arm medium-fast,Left-hand bat,L,29.0,0.0,22.0,19.0,9.0,24.55,1.0,1.0,100.0,1.0,0.0,None,False,False
Manoj Bhandage,0.3,Indian,Right-arm medium,Left-hand bat,L,27.0,0.0,20.0,25.0,9.39,28.85,416.0,25.0,142.86,16.64,0.3,RCB,True,False
Akshat Raghuwanshi,0.3,Indian,Right-arm offbreak,Right-hand bat,R,22.0,0.0,0.0,0.0,12.0,99.0,421.0,8.0,160.03,52.62,0.0,None,False,False
Prateek Yadav,0.3,Indian,Right-arm offbreak,Left-hand bat,L,26.0,0.0,1.0,4.0,10.62,78.0,422.0,17.0,180.0,24.82,0.0,None,False,False
Jasmer Dhankar,0.3,Indian,Right-arm Leg-Break,Right-hand bat,R,27.0,0.0,22.0,23.0,9.25,24.73,14.0,7.0,75.0,2.0,0.0,None,False,False
Mohit Avasthi,0.3,Indian,Right-arm medium-fast,Right-hand bat,R,33.0,0.0,20.0,17.0,9.5,28.9,14.0,3.0,88.89,4.67,0.0,None,False,False
Sudhesan Midhun,0.3,Indian,Right-arm Leg-Break,Right-hand bat,R,31.0,0.0,25.0,24.0,8.75,23.36,33.0,7.0,100.0,4.71,0.0,None,False,False
Anirudh Kanwar,0.3,Indian,Right-arm medium-fast,Right-hand bat,R,31.0,0.0,5.0,5.0,9.33,32.4,1.0,3.0,0.0,0.33,0.0,None,False,False
Kamal Tripathi,0.3,Indian,Right-arm offbreak,Right-hand bat,R,27.0,0.0,16.0,12.0,7.71,16.62,117.0,9.0,100.0,13.0,0.0,None,False,False
Prashant Sai Painkra,0.3,Indian,Right-arm medium-fast,Right-hand bat,R,23.0,0.0,10.0,10.0,8.4,26.6,1.0,1.0,50.0,1.0,0.0,None,False,False
Yarra Prithviraj,0.3,Indian,Left-arm Fast,Left-hand bat,L,27.0,0.0,20.0,12.0,6.16,16.8,16.0,2.0,108.34,8.0,0.0,None,False,False
Saurabh Dubey,0.3,Indian,Left-arm medium-fast,Right-hand bat,R,27.0,0.0,12.0,13.0,9.33,27.75,108.0,9.0,55.56,12.0,0.0,None,False,False
Abhimanyu Easwaran,0.3,Indian,Right-arm Leg-Break,Right-hand bat,R,30.0,0.0,0.0,0.0,12.0,99.0,188.0,5.0,158.18,37.6,0.0,None,False,False
Ashwin Hebbar,0.3,Indian,Right-arm medium,Right-hand bat,R,30.0,0.0,0.0,0.0,12.0,99.0,943.0,24.0,131.68,39.29,0.0,None,False,False
Divesh Sharma,0.3,Indian,Right-arm medium,Right-hand bat,R,24.0,0.0,0.0,0.0,12.0,99.0,0.0,0.0,100.0,0.0,0.0,None,True,False
Saranu Nishanth,0.3,Indian,Right-arm medium,Right-hand bat,R,20.0,0.0,1.0,2.0,9.02,53.0,1.0,1.0,50.0,1.0,0.0,None,False,False
Vaisakh Chandran,0.3,Indian,Right-arm offbreak,Right-hand bat,R,38.0,0.0,6.0,13.0,7.67,49.5,18.0,5.0,62.5,3.6,0.0,None,False,False
Ishan Porel,0.3,Indian,Right-arm medium,Right-hand bat,R,27.0,0.0,13.0,13.0,6.78,21.31,0.0,0.0,100.0,0.0,0.0,None,True,False
Dinesh Bana,0.3,Indian,Right-arm offbreak,Right-hand bat,R,20.0,0.0,0.0,0.0,12.0,99.0,0.0,0.0,100.0,0.0,0.0,None,False,False
Vishwanath Singh,0.3,Indian,Right-arm offbreak,Right-hand bat,R,27.0,0.0,3.0,6.0,9.75,33.67,823.0,26.0,106.0,31.65,0.0,None,False,False
Vishnu Solanki,0.3,Indian,Right-arm offbreak,Right-hand bat,R,33.0,0.0,0.0,0.0,12.0,99.0,316.0,21.0,128.57,15.05,0.0,None,False,False
Anshuman Hooda,0.3,Indian,Right-arm fast-medium,Left-hand bat,L,0.0,0.0,12.0,9.0,10.0,22.17,5.0,1.0,166.67,5.0,0.0,None,True,False
BR Sharath,0.3,Indian,Right-arm medium,Right-hand bat,R,29.0,1.0,0.0,0.0,12.0,99.0,774.0,30.0,154.72,25.8,0.0,None,False,False
Umang Kumar,0.3,Indian,Right-arm offbreak,Right-hand bat,R,25.0,0.0,0.0,1.0,10.0,20.0,280.0,13.0,140.0,21.54,0.0,None,True,False
Mahesh Pithiya,0.3,Indian,Right-arm offbreak,Right-hand bat,R,23.0,0.0,14.0,17.0,9.5,20.43,30.0,6.0,102.08,5.0,0.0,None,False,False
Rohan Kunnummal,0.3,Indian,Right-arm offbreak,Right-hand bat,R,27.0,0.0,0.0,0.0,12.0,99.0,1379.0,40.0,138.91,34.48,0.0,None,False,False
Rohit Rayudu,0.3,Indian,Right-arm offbreak,Left-hand bat,L,31.0,0.0,0.0,0.0,12.0,99.0,134.0,6.0,136.13,22.33,0.0,None,False,False
Jonte Smith,0.3,Indian,,,,0.0,,0.0,0.0,12.0,99.0,0.0,0.0,100.0,0.0,0.0,None,False,False
Tanmay Agarwal,0.3,Indian,Right-arm Leg-Break,Left-hand bat,L,30.0,0.0,0.0,0.0,12.0,99.0,148.0,6.0,133.46,24.67,0.0,None,False,False
Aman Khan,0.3,Indian,Slow left-arm orthodox,Left-hand bat,L,25.0,0.0,29.0,29.0,7.75,28.45,1252.0,51.0,139.44,24.55,0.0,None,False,False
Swastik Chikara,0.3,Indian,Right-arm offbreak,Right-hand bat,R,25.0,0.0,0.0,6.0,9.5,86.0,1388.0,36.0,136.88,38.56,0.3,RCB,True,False
Harvik Desai,0.3,Indian,,Right-hand bat,R,26.0,1.0,0.0,0.0,12.0,99.0,555.0,16.0,155.99,34.69,0.0,None,True,False
Shreyash Chavan,0.3,Indian,Right-arm Leg-Break,Left-hand bat,L,25.0,0.0,32.0,25.0,7.33,21.19,17.0,5.0,66.67,3.4,0.0,None,False,False
Atharva Taide,0.3,Indian,Slow left-arm orthodox,Left-hand bat,L,25.0,0.0,2.0,3.0,7.5,11.0,810.0,22.0,159.66,36.82,0.3,SRH,True,False
Rithik S,0.3,Indian,Right-arm medium,Left-hand bat,L,23.0,0.0,0.0,0.0,12.0,99.0,391.0,23.0,131.58,17.0,0.0,None,False,False
Yash Dhull,0.3,Indian,Right-arm offbreak,Right-hand bat,R,23.0,0.0,0.0,0.0,12.0,99.0,961.0,30.0,123.84,32.03,0.0,None,True,False
Deepak Devadiga,0.3,Indian,Right-arm offbreak,Right-hand bat,R,26.0,0.0,7.0,17.0,9.0,53.71,0.0,1.0,0.0,0.0,0.0,None,True,False
Madhav Kaushik,0.3,Indian,Right-arm offbreak,Right-hand bat,R,27.0,0.0,0.0,0.0,12.0,99.0,1002.0,33.0,127.27,30.36,0.0,None,True,False
Tanay Thyagarajan,0.3,Indian,Slow left-arm orthodox,Left-hand bat,L,30.0,0.0,6.0,6.0,6.12,28.67,46.0,3.0,180.0,15.33,0.0,None,False,False
Rajan Kumar,0.3,Indian,Left-arm medium-fast,Left-hand bat,L,29.0,0.0,11.0,15.0,8.5,37.82,57.0,7.0,100.0,8.14,0.0,None,True,False
Kunal Ajay Rathore,0.3,Indian,Right-arm medium,Left-hand bat,L,23.0,0.0,0.0,0.0,12.0,99.0,201.0,9.0,141.67,22.33,0.0,None,False,False
Vignesh Puthur,0.3,Indian,Left-arm Chinaman,Right-hand bat,R,24.0,0.0,12.0,12.0,9.66,25.75,0.0,0.0,100.0,0.0,0.3,MI,True,False
Luvnith Sisodia,0.3,Indian,Left-arm medium,Left-hand bat,L,25.0,0.0,0.0,0.0,12.0,99.0,919.0,32.0,151.25,28.72,0.3,KKR,True,False
Ankit Rajpoot,0.3,Indian,Right-arm medium,Right-hand bat,R,32.0,0.0,21.0,16.0,8.25,22.14,9.0,5.0,100.0,1.8,0.0,None,False,False
Tushar Raheja,0.3,Indian,Right-arm Fast,Left-hand bat,L,0.0,0.0,0.0,0.0,12.0,99.0,1051.0,26.0,143.28,40.42,0.0,None,False,False
Mayank Rawat,0.3,Indian,Right-arm offbreak,Right-hand bat,R,26.0,0.0,19.0,19.0,7.5,22.11,638.0,22.0,157.36,29.0,0.0,None,False,False
Sachin Dhas,0.3,Indian,Right-arm offbreak,Right-hand bat,R,20.0,0.0,0.0,0.0,12.0,99.0,344.0,20.0,104.69,17.2,0.0,None,True,False
Ricky Bhui,0.3,Indian,Right-arm Leg-Break,Right-hand bat,R,29.0,0.0,0.0,0.0,12.0,99.0,725.0,19.0,127.78,38.16,0.0,None,False,False
Aradhya Shukla,0.3,Indian,Right-arm medium-fast,Right-hand bat,R,21.0,0.0,25.0,18.0,9.54,20.56,1.0,4.0,0.0,0.25,0.0,None,False,False
Sudip Kumar Gharami,0.3,Indian,Right-arm offbreak,Right-hand bat,R,26.0,0.0,0.0,0.0,12.0,99.0,658.0,26.0,102.28,25.31,0.0,None,False,False
Bharat Sharma,0.3,Indian,Right-arm Fast,Right-hand bat,R,26.0,0.0,0.0,0.0,12.0,99.0,323.0,11.0,123.53,29.36,0.0,None,False,False
Basil Thampi,0.3,Indian,Right-arm fast-medium,Right-hand bat,R,32.0,0.0,40.0,29.0,7.75,18.75,107.0,12.0,104.54,8.92,0.0,None,True,False
Raj Limbani,0.3,Indian,Right-arm medium,Left-hand bat,L,20.0,0.0,16.0,14.0,9.22,19.44,23.0,4.0,100.0,5.75,0.0,None,True,False
Anmol Malhotra,0.3,Indian,Right-arm offbreak,Right-hand bat,R,29.0,0.0,0.0,0.0,12.0,99.0,768.0,25.0,133.33,30.72,0.0,None,False,False
Sushant Mishra,0.3,Indian,Left-arm medium-fast,Left-hand bat,L,24.0,0.0,0.0,0.0,12.0,99.0,0.0,0.0,100.0,0.0,0.0,None,False,False
Maruthungal Ajinas,0.3,Indian,,Right-hand bat,R,28.0,0.0,0.0,0.0,12.0,99.0,681.0,29.0,102.0,23.48,0.0,None,False,False
Pulkit Narang,0.3,Indian,Right-arm offbreak,Right-hand bat,R,31.0,0.0,11.0,6.0,5.25,7.0,16.0,2.0,120.46,8.0,0.0,None,False,False
Mujtaba Yousuf,0.3,Indian,Left-arm medium-fast,Left-hand bat,L,23.0,0.0,0.0,0.0,12.0,99.0,0.0,0.0,100.0,0.0,0.0,None,False,False
Vineet Panwar,0.3,Indian,Right-arm medium,Right-hand bat,R,27.0,0.0,36.0,31.0,7.0,23.58,102.0,17.0,111.11,6.0,0.0,None,False,False
R Sonu Yadav,0.3,Indian,Right-arm medium-fast,Right-hand bat,R,26.0,0.0,36.0,24.0,7.62,19.08,367.0,20.0,129.7,18.35,0.0,None,False,False
Avneesh Sudha,0.3,Indian,Right-arm offbreak,Right-hand bat,R,24.0,0.0,8.0,17.0,9.33,57.25,647.0,21.0,145.16,30.81,0.0,None,False,False
Avinash Singh,0.3,Indian,Right-arm medium,Right-hand bat,R,0.0,0.0,0.0,0.0,12.0,99.0,0.0,0.0,100.0,0.0,0.0,None,True,False
Nishunk Birla,0.3,Indian,Slow left-arm orthodox,Right-hand bat,R,25.0,0.0,9.0,9.0,6.0,21.11,24.0,3.0,154.55,8.0,0.0,None,False,False
Tejasvi Dahiya,0.3,Indian,Right-arm medium,Right-hand bat,R,23.0,0.0,0.0,0.0,12.0,99.0,547.0,20.0,159.52,27.35,0.0,None,True,False
Yugal Saini,0.3,Indian,,Right-hand bat,R,0.0,0.0,0.0,0.0,12.0,99.0,339.0,14.0,114.96,24.21,0.0,None,False,False
Ayush Doseja,0.3,Indian,Right-arm offbreak,Right-hand bat,R,0.0,0.0,0.0,1.0,10.0,10.0,334.0,13.0,100.0,25.69,0.0,None,False,False
Shivam Gupta,0.3,Indian,Right-arm offbreak,Right-hand bat,R,19.0,0.0,10.0,8.0,9.12,22.2,318.0,19.0,100.0,16.74,0.0,None,False,False
Samarth Seth,0.3,Indian,Right-arm Leg-Break,Left-hand bat,L,23.0,0.0,0.0,0.0,12.0,99.0,318.0,14.0,124.58,22.71,0.0,None,False,False
Rajneesh Dadar,0.3,Indian,Right-arm Fast,Right-hand bat,R,0.0,0.0,30.0,18.0,8.25,17.2,30.0,4.0,71.9,7.5,0.0,None,False,False
Manan Bhardwaj,0.3,Indian,Slow left-arm orthodox,Right-hand bat,R,0.0,0.0,19.0,17.0,7.0,20.05,44.0,6.0,116.25,7.33,0.0,None,False,False
Aaradhya Yadav,0.3,Indian,Right-arm Fast,Right-hand bat,R,21.0,0.0,0.0,0.0,12.0,99.0,917.0,26.0,104.76,35.27,0.0,None,False,False
Sumeet Verma,0.3,Indian,Right-arm offbreak,Right-hand bat,R,35.0,0.0,0.0,0.0,12.0,99.0,59.0,2.0,142.75,29.5,0.0,None,False,False
Shaik Rasheed,0.3,Indian,Right-arm Leg-Break,Right-hand bat,R,21.0,0.0,0.0,3.0,15.0,41.0,726.0,24.0,122.72,30.25,0.3,CSK,True,False
Ayush Vartak,0.3,Indian,Right-arm medium,Right-hand bat,R,0.0,0.0,2.0,2.0,10.75,21.5,83.0,5.0,100.0,16.6,0.0,None,False,False
Akash Vasisht,0.3,Indian,Slow left-arm orthodox,Left-hand bat,L,30.0,0.0,1.0,1.0,2.0,2.0,13.0,2.0,90.91,6.5,0.0,None,False,False
Abhinav Manohar,0.3,Indian,Right-arm Leg-Break,Right-hand bat,R,31.0,0.0,0.0,0.0,12.0,99.0,1293.0,49.0,125.0,26.39,3.2,SRH,True,False
Prayas Ray Barman,0.3,Indian,Right-arm Leg-Break,Right-hand bat,R,23.0,0.0,8.0,10.0,7.33,26.75,168.0,13.0,71.43,12.92,0.0,None,False,False
Kartik Chadha,0.3,Indian,Right-arm Leg-Break,Left-hand bat,L,21.0,0.0,22.0,14.0,6.88,16.45,26.0,5.0,66.67,5.2,0.0,None,False,False
Abhay Kamal Choudhary,0.3,Indian,Right-arm medium,Right-hand bat,R,23.0,0.0,0.0,0.0,12.0,99.0,142.0,7.0,116.67,20.29,0.0,None,False,False
Rohan Rana,0.3,Indian,Right-arm medium-fast,Right-hand bat,R,22.0,0.0,0.0,0.0,12.0,99.0,4.0,1.0,100.0,4.0,0.0,None,False,False
Naman Tiwari,0.3,Indian,Right-arm offbreak,Right-hand bat,R,22.0,0.0,32.0,25.0,9.0,23.5,17.0,11.0,41.67,1.55,0.0,None,True,False
Mukhtar Hussain,0.3,Indian,Right-arm medium,Right-hand bat,R,26.0,0.0,10.0,8.0,7.5,17.8,52.0,3.0,207.69,17.33,0.0,None,False,False
Vidyadhar Patil,0.3,Indian,Right-arm medium,Right-hand bat,R,25.0,0.0,30.0,25.0,10.5,24.13,96.0,11.0,150.0,8.73,0.0,None,False,False
Sakib Hussain,0.3,Indian,Right-arm medium-fast,Right-hand bat,R,20.0,0.0,0.0,2.0,10.92,56.0,0.0,0.0,100.0,0.0,0.0,None,True,False
Kritagya Singh,0.3,Indian,Slow left-arm orthodox,Left-hand bat,L,25.0,0.0,12.0,18.0,8.75,34.42,628.0,29.0,106.82,21.66,0.0,None,False,False
Digvijay Deshmukh,0.3,Indian,Right-arm fast-medium,Right-hand bat,R,27.0,0.0,9.0,12.0,11.15,36.11,66.0,8.0,100.0,8.25,0.0,None,True,False
Slakshy Jain,0.3,Indian,Right-arm offbreak,Left-hand bat,L,23.0,0.0,7.0,14.0,8.25,40.71,23.0,5.0,100.0,4.6,0.0,None,False,False
Dhruv Kaushik,0.3,Indian,Right-arm offbreak,Right-hand bat,R,0.0,0.0,1.0,3.0,12.67,74.0,447.0,17.0,158.54,26.29,0.0,None,False,False
Girinath Reddy,0.3,Indian,Right-arm medium,Right-hand bat,R,27.0,0.0,13.0,12.0,7.84,23.46,139.0,11.0,100.0,12.64,0.0,None,False,False
Abid Mushtaq,0.3,Indian,,,,0.0,,0.0,0.0,12.0,99.0,0.0,0.0,100.0,0.0,0.0,None,False,False
Priyam Garg,0.3,Indian,Right-arm medium,Right-hand bat,R,24.0,0.0,0.0,0.0,12.0,99.0,1049.0,37.0,119.98,28.35,0.0,None,True,False
Murugan Ashwin,0.3,Indian,Right-arm Leg-Break,Right-hand bat,R,35.0,0.0,26.0,26.0,7.0,25.23,119.0,13.0,60.0,9.15,0.0,None,True,False
Lalit Yadav,0.3,Indian,Right-arm offbreak,Right-hand bat,R,28.0,0.0,44.0,44.0,8.0,25.98,564.0,37.0,106.25,15.24,0.0,None,True,False
Jonty Sidhu,0.3,Indian,Right-arm offbreak,Left-hand bat,L,28.0,0.0,9.0,13.0,7.0,19.33,496.0,18.0,144.0,27.56,0.0,None,False,False
Sohrab Dhaliwal,0.3,Indian,Slow left-arm orthodox,Right-hand bat,R,34.0,0.0,25.0,31.0,8.0,29.76,625.0,32.0,160.56,19.53,0.0,None,False,False
Sachin Baby,0.3,Indian,Right-arm offbreak,Left-hand bat,L,36.0,0.0,14.0,21.0,8.0,28.36,1398.0,37.0,150.0,37.78,0.3,SRH,True,False
Shubham Shubham Agarwal,0.3,Indian,Right-arm Leg-Break,Right-hand bat,R,32.0,0.0,9.0,18.0,7.75,51.78,165.0,14.0,100.0,11.79,0.0,None,False,False
Prerak Mankad,0.3,Indian,Right-arm medium,Right-hand bat,R,31.0,0.0,9.0,15.0,9.5,40.11,646.0,20.0,127.2,32.3,0.0,None,True,False
Sanjay Yadav,0.3,Indian,Slow left-arm orthodox,Left-hand bat,L,30.0,0.0,11.0,17.0,8.0,33.64,536.0,23.0,122.22,23.3,0.0,None,True,False
Baba Indrajith,0.3,Indian,Right-arm Leg-Break,Right-hand bat,R,31.0,0.0,0.0,0.0,12.0,99.0,782.0,29.0,122.22,26.97,0.0,None,False,False
Atharva Kale,0.3,Indian,Right-arm medium,Right-hand bat,R,26.0,0.0,0.0,0.0,12.0,99.0,793.0,30.0,121.4,26.43,0.0,None,False,False
Sumit Kumar 1,0.3,Indian,Right-arm medium-fast,Right-hand bat,R,29.0,0.0,17.0,12.0,8.91,16.18,88.0,14.0,108.34,6.29,0.0,None,False,False
Akash Madhwal,0.3,Indian,Right-arm medium-fast,Right-hand bat,R,32.0,0.0,40.0,32.0,10.0,25.32,23.0,7.0,75.0,3.29,1.2,RR,True,False
Andre Siddharth,0.3,Indian,Right-arm medium,Right-hand bat,R,19.0,0.0,0.0,0.0,12.0,99.0,193.0,12.0,108.33,16.08,0.0,None,False,False
Amandeep Khare,0.3,Indian,Right-arm medium,Right-hand bat,R,28.0,0.0,0.0,0.0,12.0,99.0,608.0,16.0,145.83,38.0,0.0,None,False,False
Saransh Subodh Jain,0.3,Indian,Right-arm offbreak,Left-hand bat,L,32.0,0.0,12.0,12.0,8.38,26.33,86.0,8.0,90.15,10.75,0.0,None,False,False
Hardik Raj,0.3,Indian,Slow left-arm orthodox,Left-hand bat,L,19.0,0.0,18.0,30.0,8.25,45.56,354.0,20.0,142.26,17.7,0.0,None,False,False
P Vignesh,0.3,Indian,Slow left-arm orthodox,Left-hand bat,L,20.0,0.0,13.0,14.0,9.0,22.23,1.0,1.0,50.0,1.0,0.0,None,False,False
Kaushik Maity,0.3,Indian,Slow left-arm orthodox,Left-hand bat,L,26.0,0.0,10.0,17.0,7.25,39.7,71.0,7.0,100.0,10.14,0.0,None,False,False
Hrithik Shokeen,0.3,Indian,Right-arm offbreak,Right-hand bat,R,25.0,0.0,19.0,29.0,7.3,36.37,404.0,21.0,102.94,19.24,0.0,None,True,False
Manan Vohra,0.3,Indian,Right-arm medium,Right-hand bat,R,32.0,0.0,0.0,0.0,12.0,99.0,406.0,12.0,109.09,33.83,0.0,None,False,False
Abdul Basith,0.3,Indian,Right-arm offbreak,Right-hand bat,R,27.0,0.0,24.0,34.0,8.25,29.71,710.0,39.0,130.77,18.21,0.0,None,True,False
Atharva Ankolekar,0.3,Indian,Slow left-arm orthodox,Left-hand bat,L,25.0,0.0,17.0,16.0,7.16,23.71,187.0,11.0,117.65,17.0,0.0,None,False,False
Himanshu Sharma,0.3,Indian,Right-arm Leg-Break,Left-hand bat,L,21.0,0.0,20.0,19.0,8.0,23.05,1.0,1.0,100.0,1.0,0.0,None,False,False
Prince Choudhary,0.3,Indian,Right-arm Leg-Break,Right-hand bat,R,26.0,0.0,2.0,4.0,12.42,40.5,1.0,1.0,50.0,1.0,0.0,None,True,False
Shiva Singh,0.3,Indian,Slow left-arm orthodox,Right-hand bat,R,26.0,0.0,22.0,38.0,7.0,36.95,460.0,27.0,130.95,17.04,0.0,None,True,False
Arpit Guleria,0.3,Indian,Right-arm medium,Right-hand bat,R,28.0,0.0,4.0,2.0,11.5,20.0,0.0,1.0,0.0,0.0,0.0,None,True,False
Rajvardhan Hangargekar,0.3,Indian,Right-arm medium,Right-hand bat,R,23.0,0.0,31.0,25.0,9.91,24.42,149.0,18.0,108.34,8.28,0.0,None,False,False
Suyash Prabhudessai,0.3,Indian,Right-arm medium,Right-hand bat,R,28.0,0.0,0.0,1.0,14.0,28.0,369.0,14.0,122.22,26.36,0.0,None,False,False
Abhijeet Tomar,0.3,Indian,Right-arm offbreak,Right-hand bat,R,30.0,0.0,0.0,0.0,12.0,99.0,480.0,12.0,153.12,40.0,0.0,None,False,False
Harsh Tyagi,0.3,Indian,Right-arm medium,Right-hand bat,R,0.0,0.0,22.0,23.0,7.5,22.77,581.0,31.0,106.46,18.74,0.0,None,False,False
Himanshu Singh,0.3,Indian,Right-arm offbreak,Right-hand bat,R,22.0,0.0,0.0,1.0,9.33,28.0,3.0,1.0,75.0,3.0,0.0,None,False,False
Himanshu Singh,0.3,Indian,Right-arm offbreak,Right-hand bat,R,22.0,0.0,0.0,1.0,9.33,28.0,3.0,1.0,75.0,3.0,0.0,None,False,False
Himanshu Singh,0.3,Indian,Right-arm offbreak,Right-hand bat,R,22.0,0.0,0.0,1.0,9.33,28.0,3.0,1.0,75.0,3.0,0.0,None,False,False
Himanshu Singh,0.3,Indian,Right-arm offbreak,Right-hand bat,R,22.0,0.0,0.0,1.0,9.33,28.0,3.0,1.0,75.0,3.0,0.0,None,False,False
Himanshu Singh,0.3,Indian,Right-arm offbreak,Right-hand bat,R,22.0,0.0,0.0,1.0,9.33,28.0,3.0,1.0,75.0,3.0,0.0,None,False,False
Himanshu Singh,0.3,Indian,Right-arm offbreak,Right-hand bat,R,22.0,0.0,0.0,1.0,9.33,28.0,3.0,1.0,75.0,3.0,0.0,None,False,False
Himanshu Singh,0.3,Indian,Right-arm offbreak,Right-hand bat,R,22.0,0.0,0.0,1.0,9.33,28.0,3.0,1.0,75.0,3.0,0.0,None,False,False
Himanshu Singh,0.3,Indian,Right-arm offbreak,Right-hand bat,R,22.0,0.0,0.0,1.0,9.33,28.0,3.0,1.0,75.0,3.0,0.0,None,False,False
Darshan Nalkande,0.3,Indian,Right-arm fast-medium,Right-hand bat,R,27.0,0.0,10.0,14.0,10.84,45.3,137.0,10.0,119.25,13.7,0.3,DC,True,False
Shashwat Rawat,0.3,Indian,Right-arm medium-fast,Left-hand bat,L,24.0,0.0,1.0,7.0,6.67,101.0,514.0,17.0,141.38,30.24,0.0,None,False,False
Gaurav Gambhir,0.3,Indian,Right-arm offbreak,Right-hand bat,R,38.0,0.0,6.0,6.0,8.38,27.83,59.0,5.0,77.78,11.8,0.0,None,False,False
Utkarsh Singh,0.3,Indian,Right-arm offbreak,Left-hand bat,L,27.0,0.0,0.0,0.0,12.0,99.0,0.0,0.0,100.0,0.0,0.0,None,True,False
Atit Sheth,0.3,Indian,Right-arm medium,Right-hand bat,R,29.0,0.0,43.0,25.0,8.25,16.42,383.0,20.0,163.86,19.15,0.0,None,True,False
Vijay Shankar,0.3,Indian,Right-arm medium,Right-hand bat,R,34.0,0.0,14.0,14.0,9.62,25.43,1077.0,42.0,128.42,25.64,1.2,CSK,True,False
Shubham Garhwal,0.3,Indian,Slow left-arm orthodox,Left-hand bat,L,30.0,0.0,8.0,4.0,6.62,9.62,249.0,8.0,146.88,31.12,0.0,None,False,False
Dipesh Parwani,0.3,Indian,Left-arm medium-fast,Left-hand bat,L,25.0,0.0,10.0,10.0,8.68,25.2,1.0,3.0,0.0,0.33,0.0,None,False,False
Akhil Chaudhary,0.3,Indian,Right-arm medium,Right-hand bat,R,23.0,0.0,17.0,15.0,11.67,30.35,33.0,5.0,75.0,6.6,0.0,None,False,False
Apoorv Wankhade,0.3,Indian,Right-arm medium,Right-hand bat,R,33.0,0.0,0.0,0.0,12.0,99.0,258.0,12.0,148.33,21.5,0.0,None,False,False
L Manvanth Kumar,0.3,Indian,Right-arm medium-fast,Left-hand bat,L,21.0,0.0,41.0,35.0,9.25,22.1,324.0,26.0,130.95,12.46,0.0,None,False,False
Vansh Bedi,0.3,Indian,Right-arm medium,Right-hand bat,R,22.0,0.0,0.0,0.0,12.0,99.0,408.0,17.0,166.67,24.0,0.55,CSK,True,False
LR Chethan,0.3,Indian,Right-arm medium,Right-hand bat,R,25.0,0.0,0.0,0.0,12.0,99.0,954.0,34.0,141.88,28.06,0.0,None,True,False
Raghav Goyal,0.3,Indian,Left-arm Chinaman,Left-hand bat,L,24.0,0.0,9.0,14.0,6.62,40.22,60.0,6.0,143.75,10.0,0.0,None,True,False
Abhilash Shetty,0.3,Indian,Left-arm medium,Left-hand bat,L,0.0,0.0,39.0,26.0,9.0,19.49,9.0,5.0,50.0,1.8,0.0,None,False,False
Money Grewal,0.3,Indian,Right-arm medium,Right-hand bat,R,25.0,0.0,31.0,21.0,8.5,19.35,15.0,5.0,100.0,3.0,0.0,None,False,False
Shivalik Sharma,0.3,Indian,Right-arm Leg-Break,Left-hand bat,L,26.0,0.0,0.0,0.0,12.0,99.0,433.0,21.0,141.18,20.62,0.0,None,True,False
Mohammed Azharuddeen,0.3,Indian,,Right-hand bat,R,31.0,0.0,0.0,0.0,12.0,99.0,896.0,29.0,137.93,30.9,0.0,None,False,False
Ayush Pandey,0.3,Indian,Right-arm offbreak,Left-hand bat,L,22.0,0.0,0.0,0.0,12.0,99.0,665.0,15.0,143.75,44.33,0.0,None,False,False
Uday Saharan,0.3,Indian,Right-arm offbreak,Right-hand bat,R,21.0,0.0,0.0,1.0,2.0,2.0,119.0,8.0,101.43,14.88,0.0,None,False,False
Praveen Dubey,0.3,Indian,Right-arm Leg-Break,Right-hand bat,R,32.0,0.0,26.0,30.0,8.38,27.19,465.0,28.0,126.04,16.61,0.3,PBKS,True,False
Shubham Kapse,0.3,Indian,Right-arm medium,Right-hand bat,R,31.0,0.0,10.0,6.0,9.79,20.5,0.0,0.0,100.0,0.0,0.0,None,False,False
Himanshu Chauhan,0.3,Indian,Right-arm medium,Right-hand bat,R,22.0,0.0,8.0,12.0,11.25,50.75,0.0,0.0,100.0,0.0,0.0,None,False,False
Yuvraj Chudasama,0.3,Indian,Right-arm Leg-Break,Left-hand bat,L,30.0,0.0,13.0,15.0,7.0,27.69,13.0,5.0,66.67,2.6,0.0,None,False,False
Sanvir Singh,0.3,Indian,Right-arm medium,Right-hand bat,R,28.0,0.0,29.0,29.0,8.75,27.03,1161.0,40.0,157.14,29.02,0.0,None,False,False
Akash Parkar,0.3,Indian,Right-arm medium,Right-hand bat,R,31.0,0.0,18.0,15.0,8.67,22.0,329.0,16.0,129.09,20.56,0.0,None,False,False
Simarjeet Singh,0.3,Indian,Right-arm medium-fast,Right-hand bat,R,27.0,0.0,46.0,30.0,8.75,20.13,56.0,11.0,75.0,5.09,1.5,SRH,True,False
Mayank Dagar,0.3,Indian,Slow left-arm orthodox,Right-hand bat,R,29.0,0.0,6.0,10.0,8.18,42.67,0.0,2.0,0.0,0.0,0.0,None,True,False
Saurav Chauhan,0.3,Indian,Right-arm offbreak,Right-hand bat,R,28.0,0.0,0.0,0.0,12.0,99.0,641.0,26.0,139.23,24.65,0.0,None,False,False
Roshan Waghsare,0.3,Indian,Left-arm Chinaman,Right-hand bat,R,25.0,0.0,18.0,21.0,7.92,31.5,17.0,4.0,50.0,4.25,0.0,None,False,False
Upendra Yadav,0.3,Indian,Right-arm offbreak,Right-hand bat,R,29.0,0.0,0.0,0.0,12.0,99.0,371.0,14.0,136.83,26.5,0.0,None,True,False
Kumar Kartikeya Singh,0.3,Indian,Slow left-arm orthodox,Right-hand bat,R,27.0,0.0,41.0,36.0,8.0,22.83,66.0,14.0,94.12,4.71,0.0,None,False,False
Ravi Yadav,0.3,Indian,Left-arm medium,Right-hand bat,R,33.0,0.0,0.0,1.0,8.0,32.0,0.0,0.0,100.0,0.0,0.0,None,False,False
Kamlesh Nagarkoti,0.3,Indian,Right-arm Fast,Right-hand bat,R,25.0,0.0,5.0,3.0,6.75,17.2,0.0,2.0,0.0,0.0,0.3,CSK,True,False
Aaqib Khan,0.3,Indian,Right-arm medium,Right-hand bat,R,21.0,0.0,17.0,21.0,9.5,35.59,33.0,11.0,50.0,3.0,0.0,None,True,False
Anmolpreet Singh,0.3,Indian,Right-arm offbreak,Right-hand bat,R,27.0,0.0,14.0,10.0,8.25,15.71,1489.0,39.0,136.36,38.18,0.0,None,True,False
PP Jaiswal,0.3,Indian,Right-arm medium,Right-hand bat,R,30.0,0.0,20.0,18.0,8.5,23.9,37.0,6.0,212.5,6.17,0.0,None,False,False
Mohamed Ali,0.3,Indian,Right-arm offbreak,Right-hand bat,R,21.0,0.0,12.0,16.0,9.59,27.0,308.0,17.0,133.33,18.12,0.0,None,False,False
Saumy Pandey,0.3,Indian,Slow left-arm orthodox,Left-hand bat,L,21.0,0.0,11.0,12.0,8.66,31.27,5.0,4.0,50.0,1.25,0.0,None,False,False
Ayaz Khan 1,0.3,Indian,Slow left-arm orthodox,Left-hand bat,L,23.0,0.0,0.0,0.0,12.0,99.0,0.0,0.0,100.0,0.0,0.0,None,False,False
Virat Singh,0.3,Indian,Right-arm Leg-Break,Left-hand bat,L,28.0,0.0,0.0,0.0,12.0,99.0,41.0,1.0,136.67,41.0,0.0,None,True,False
Karan Sharma,0.3,Indian,Right-arm offbreak,Right-hand bat,R,27.0,0.0,10.0,19.0,7.0,31.4,1417.0,44.0,115.81,32.2,0.0,None,False,False
Vasu Vats,0.3,Indian,Right-arm medium,Right-hand bat,R,25.0,0.0,23.0,19.0,9.0,25.17,11.0,7.0,25.0,1.57,0.0,None,False,False
